Effective date ,S&P 500 Carbon Efficient Index (USD),,,,,,,,
29.10.10,153.34,,,,,,,,
01.11.10,153.48,,,,,,,,
02.11.10,154.67,,,,,,,,
03.11.10,155.24,,,,,,,,
04.11.10,158.22,,,,,,,,
05.11.10,158.74,,,,,,,,
08.11.10,158.44,,,,,,,,
09.11.10,157.21,,,,,,,,
10.11.10,157.86,,,,,,,,
11.11.10,157.18,,,,,,,,
12.11.10,155.32,,,,,,,,
15.11.10,155.13,,,,,,,,
16.11.10,152.62,,,,,,,,
17.11.10,152.7,,,,,,,,
18.11.10,155.04,,,,,,,,
19.11.10,155.48,,,,,,,,
22.11.10,155.22,,,,,,,,
23.11.10,153.01,,,,,,,,
24.11.10,155.28,,,,,,,,
26.11.10,154.08,,,,,,,,
29.11.10,153.87,,,,,,,,
30.11.10,152.91,,,,,,,,
01.12.10,156.24,,,,,,,,
02.12.10,158.23,,,,,,,,
03.12.10,158.67,,,,,,,,
06.12.10,158.45,,,,,,,,
07.12.10,158.52,,,,,,,,
08.12.10,159.13,,,,,,,,
09.12.10,159.72,,,,,,,,
10.12.10,160.66,,,,,,,,
13.12.10,160.69,,,,,,,,
14.12.10,160.86,,,,,,,,
15.12.10,160.04,,,,,,,,
16.12.10,161.04,,,,,,,,
17.12.10,161.18,,,,,,,,
20.12.10,161.58,,,,,,,,
21.12.10,162.48,,,,,,,,
22.12.10,163.08,,,,,,,,
23.12.10,162.84,,,,,,,,
27.12.10,162.9,,,,,,,,
28.12.10,163.05,,,,,,,,
29.12.10,163.26,,,,,,,,
30.12.10,163.01,,,,,,,,
31.12.10,162.99,,,,,,,,
03.01.11,164.73,,,,,,,,
04.01.11,164.46,,,,,,,,
05.01.11,165.21,,,,,,,,
06.01.11,164.82,,,,,,,,
07.01.11,164.52,,,,,,,,
10.01.11,164.24,,,,,,,,
11.01.11,164.9,,,,,,,,
12.01.11,166.36,,,,,,,,
13.01.11,166.05,,,,,,,,
14.01.11,167.31,,,,,,,,
18.01.11,167.54,,,,,,,,
19.01.11,165.91,,,,,,,,
20.01.11,165.81,,,,,,,,
21.01.11,166.15,,,,,,,,
24.01.11,167.14,,,,,,,,
25.01.11,167.22,,,,,,,,
26.01.11,168.03,,,,,,,,
27.01.11,168.3,,,,,,,,
28.01.11,165.39,,,,,,,,
31.01.11,166.64,,,,,,,,
01.02.11,169.32,,,,,,,,
02.02.11,168.85,,,,,,,,
03.02.11,169.29,,,,,,,,
04.02.11,169.74,,,,,,,,
07.02.11,170.79,,,,,,,,
08.02.11,171.49,,,,,,,,
09.02.11,171.01,,,,,,,,
10.02.11,171.1,,,,,,,,
11.02.11,171.91,,,,,,,,
14.02.11,172.28,,,,,,,,
15.02.11,171.78,,,,,,,,
16.02.11,172.9,,,,,,,,
17.02.11,173.45,,,,,,,,
18.02.11,173.87,,,,,,,,
22.02.11,170.41,,,,,,,,
23.02.11,169.43,,,,,,,,
24.02.11,169.17,,,,,,,,
25.02.11,170.97,,,,,,,,
28.02.11,171.88,,,,,,,,
01.03.11,169.29,,,,,,,,
02.03.11,169.49,,,,,,,,
03.03.11,172.36,,,,,,,,
04.03.11,171.14,,,,,,,,
07.03.11,169.72,,,,,,,,
08.03.11,171.18,,,,,,,,
09.03.11,171,,,,,,,,
10.03.11,167.81,,,,,,,,
11.03.11,168.95,,,,,,,,
14.03.11,167.88,,,,,,,,
15.03.11,166.03,,,,,,,,
16.03.11,162.79,,,,,,,,
17.03.11,164.95,,,,,,,,
18.03.11,165.59,,,,,,,,
21.03.11,168.17,,,,,,,,
22.03.11,167.61,,,,,,,,
23.03.11,168.1,,,,,,,,
24.03.11,169.7,,,,,,,,
25.03.11,170.17,,,,,,,,
28.03.11,169.84,,,,,,,,
29.03.11,171.09,,,,,,,,
30.03.11,172.18,,,,,,,,
31.03.11,171.93,,,,,,,,
01.04.11,172.77,,,,,,,,
04.04.11,172.85,,,,,,,,
05.04.11,172.86,,,,,,,,
06.04.11,173.27,,,,,,,,
07.04.11,172.99,,,,,,,,
08.04.11,172.26,,,,,,,,
11.04.11,171.77,,,,,,,,
12.04.11,170.4,,,,,,,,
13.04.11,170.42,,,,,,,,
14.04.11,170.39,,,,,,,,
15.04.11,171.02,,,,,,,,
18.04.11,169.15,,,,,,,,
19.04.11,170.15,,,,,,,,
20.04.11,172.51,,,,,,,,
21.04.11,173.47,,,,,,,,
25.04.11,173.18,,,,,,,,
26.04.11,174.67,,,,,,,,
27.04.11,175.76,,,,,,,,
28.04.11,176.43,,,,,,,,
29.04.11,176.78,,,,,,,,
02.05.11,176.43,,,,,,,,
03.05.11,175.9,,,,,,,,
04.05.11,174.69,,,,,,,,
05.05.11,173.14,,,,,,,,
06.05.11,173.74,,,,,,,,
09.05.11,174.53,,,,,,,,
10.05.11,175.95,,,,,,,,
11.05.11,174.07,,,,,,,,
12.05.11,174.93,,,,,,,,
13.05.11,173.48,,,,,,,,
16.05.11,172.38,,,,,,,,
17.05.11,172.3,,,,,,,,
18.05.11,173.84,,,,,,,,
19.05.11,174.27,,,,,,,,
20.05.11,172.91,,,,,,,,
23.05.11,170.8,,,,,,,,
24.05.11,170.68,,,,,,,,
25.05.11,171.26,,,,,,,,
26.05.11,171.96,,,,,,,,
27.05.11,172.6,,,,,,,,
31.05.11,174.45,,,,,,,,
01.06.11,170.5,,,,,,,,
02.06.11,170.36,,,,,,,,
03.06.11,168.74,,,,,,,,
06.06.11,166.87,,,,,,,,
07.06.11,166.69,,,,,,,,
08.06.11,165.98,,,,,,,,
09.06.11,167.25,,,,,,,,
10.06.11,164.87,,,,,,,,
13.06.11,164.95,,,,,,,,
14.06.11,167.11,,,,,,,,
15.06.11,164.18,,,,,,,,
16.06.11,164.41,,,,,,,,
17.06.11,164.91,,,,,,,,
20.06.11,165.77,,,,,,,,
21.06.11,167.99,,,,,,,,
22.06.11,166.87,,,,,,,,
23.06.11,166.43,,,,,,,,
24.06.11,164.39,,,,,,,,
27.06.11,165.9,,,,,,,,
28.06.11,168.1,,,,,,,,
29.06.11,169.54,,,,,,,,
30.06.11,171.29,,,,,,,,
01.07.11,173.77,,,,,,,,
05.07.11,173.61,,,,,,,,
06.07.11,173.86,,,,,,,,
07.07.11,175.74,,,,,,,,
08.07.11,174.53,,,,,,,,
11.07.11,171.34,,,,,,,,
12.07.11,170.48,,,,,,,,
13.07.11,171.03,,,,,,,,
14.07.11,169.81,,,,,,,,
15.07.11,170.79,,,,,,,,
18.07.11,169.42,,,,,,,,
19.07.11,172.27,,,,,,,,
20.07.11,172.15,,,,,,,,
21.07.11,174.67,,,,,,,,
22.07.11,175.05,,,,,,,,
25.07.11,174.16,,,,,,,,
26.07.11,173.46,,,,,,,,
27.07.11,169.89,,,,,,,,
28.07.11,169.44,,,,,,,,
29.07.11,168.32,,,,,,,,
01.08.11,167.58,,,,,,,,
02.08.11,163.28,,,,,,,,
03.08.11,164.13,,,,,,,,
04.08.11,156.21,,,,,,,,
05.08.11,156.11,,,,,,,,
08.08.11,145.65,,,,,,,,
09.08.11,152.53,,,,,,,,
10.08.11,145.8,,,,,,,,
11.08.11,152.42,,,,,,,,
12.08.11,153.25,,,,,,,,
15.08.11,156.65,,,,,,,,
16.08.11,155.12,,,,,,,,
17.08.11,155.22,,,,,,,,
18.08.11,148.33,,,,,,,,
19.08.11,146.1,,,,,,,,
22.08.11,146.19,,,,,,,,
23.08.11,151.2,,,,,,,,
24.08.11,153.13,,,,,,,,
25.08.11,150.7,,,,,,,,
26.08.11,153.02,,,,,,,,
29.08.11,157.32,,,,,,,,
30.08.11,157.69,,,,,,,,
31.08.11,158.45,,,,,,,,
01.09.11,156.59,,,,,,,,
02.09.11,152.62,,,,,,,,
06.09.11,151.49,,,,,,,,
07.09.11,155.87,,,,,,,,
08.09.11,154.21,,,,,,,,
09.09.11,150.02,,,,,,,,
12.09.11,151.08,,,,,,,,
13.09.11,152.49,,,,,,,,
14.09.11,154.57,,,,,,,,
15.09.11,157.22,,,,,,,,
16.09.11,158.17,,,,,,,,
19.09.11,156.63,,,,,,,,
20.09.11,156.38,,,,,,,,
21.09.11,151.68,,,,,,,,
22.09.11,146.75,,,,,,,,
23.09.11,147.56,,,,,,,,
26.09.11,150.87,,,,,,,,
27.09.11,152.48,,,,,,,,
28.09.11,149.27,,,,,,,,
29.09.11,150.48,,,,,,,,
30.09.11,146.74,,,,,,,,
03.10.11,142.52,,,,,,,,
04.10.11,145.71,,,,,,,,
05.10.11,148.39,,,,,,,,
06.10.11,151.21,,,,,,,,
07.10.11,150.01,,,,,,,,
10.10.11,155.12,,,,,,,,
11.10.11,155.27,,,,,,,,
12.10.11,156.74,,,,,,,,
13.10.11,156.29,,,,,,,,
14.10.11,159.08,,,,,,,,
17.10.11,155.88,,,,,,,,
18.10.11,159.02,,,,,,,,
19.10.11,157.03,,,,,,,,
20.10.11,157.74,,,,,,,,
21.10.11,160.66,,,,,,,,
24.10.11,162.82,,,,,,,,
25.10.11,159.58,,,,,,,,
26.10.11,161.24,,,,,,,,
27.10.11,166.85,,,,,,,,
28.10.11,166.92,,,,,,,,
31.10.11,162.83,,,,,,,,
01.11.11,158.2,,,,,,,,
02.11.11,160.74,,,,,,,,
03.11.11,163.8,,,,,,,,
04.11.11,162.72,,,,,,,,
07.11.11,163.77,,,,,,,,
08.11.11,165.74,,,,,,,,
09.11.11,159.63,,,,,,,,
10.11.11,161.01,,,,,,,,
11.11.11,164.21,,,,,,,,
14.11.11,162.64,,,,,,,,
15.11.11,163.4,,,,,,,,
16.11.11,160.71,,,,,,,,
17.11.11,157.97,,,,,,,,
18.11.11,157.87,,,,,,,,
21.11.11,154.89,,,,,,,,
22.11.11,154.24,,,,,,,,
23.11.11,150.82,,,,,,,,
25.11.11,150.42,,,,,,,,
28.11.11,154.84,,,,,,,,
29.11.11,155.26,,,,,,,,
30.11.11,162.04,,,,,,,,
01.12.11,161.74,,,,,,,,
02.12.11,161.72,,,,,,,,
05.12.11,163.42,,,,,,,,
06.12.11,163.6,,,,,,,,
07.12.11,163.88,,,,,,,,
08.12.11,160.37,,,,,,,,
09.12.11,163.1,,,,,,,,
12.12.11,160.62,,,,,,,,
13.12.11,159.2,,,,,,,,
14.12.11,157.36,,,,,,,,
15.12.11,157.83,,,,,,,,
16.12.11,158.39,,,,,,,,
19.12.11,156.52,,,,,,,,
20.12.11,161.18,,,,,,,,
21.12.11,161.54,,,,,,,,
22.12.11,162.84,,,,,,,,
23.12.11,164.32,,,,,,,,
27.12.11,164.33,,,,,,,,
28.12.11,162.27,,,,,,,,
29.12.11,164.02,,,,,,,,
30.12.11,163.32,,,,,,,,
03.01.12,165.87,,,,,,,,
04.01.12,165.9,,,,,,,,
05.01.12,166.37,,,,,,,,
06.01.12,165.98,,,,,,,,
09.01.12,166.37,,,,,,,,
10.01.12,167.86,,,,,,,,
11.01.12,167.86,,,,,,,,
12.01.12,168.19,,,,,,,,
13.01.12,167.32,,,,,,,,
17.01.12,167.81,,,,,,,,
18.01.12,169.59,,,,,,,,
19.01.12,170.49,,,,,,,,
20.01.12,170.68,,,,,,,,
23.01.12,170.8,,,,,,,,
24.01.12,170.62,,,,,,,,
25.01.12,172.22,,,,,,,,
26.01.12,171.23,,,,,,,,
27.01.12,170.95,,,,,,,,
30.01.12,170.53,,,,,,,,
31.01.12,170.49,,,,,,,,
01.02.12,172.02,,,,,,,,
02.02.12,172.28,,,,,,,,
03.02.12,174.82,,,,,,,,
06.02.12,174.78,,,,,,,,
07.02.12,175.15,,,,,,,,
08.02.12,175.59,,,,,,,,
09.02.12,176.01,,,,,,,,
10.02.12,174.85,,,,,,,,
13.02.12,176.09,,,,,,,,
14.02.12,175.95,,,,,,,,
15.02.12,175.04,,,,,,,,
16.02.12,177.05,,,,,,,,
17.02.12,177.46,,,,,,,,
21.02.12,177.6,,,,,,,,
22.02.12,177.03,,,,,,,,
23.02.12,177.78,,,,,,,,
24.02.12,178.08,,,,,,,,
27.02.12,178.26,,,,,,,,
28.02.12,178.91,,,,,,,,
29.02.12,178.08,,,,,,,,
01.03.12,179.19,,,,,,,,
02.03.12,178.57,,,,,,,,
05.03.12,177.78,,,,,,,,
06.03.12,175.05,,,,,,,,
07.03.12,176.29,,,,,,,,
08.03.12,178.09,,,,,,,,
09.03.12,178.72,,,,,,,,
12.03.12,178.66,,,,,,,,
13.03.12,181.89,,,,,,,,
14.03.12,181.68,,,,,,,,
15.03.12,182.76,,,,,,,,
16.03.12,182.94,,,,,,,,
19.03.12,183.65,,,,,,,,
20.03.12,183.06,,,,,,,,
21.03.12,182.64,,,,,,,,
22.03.12,181.26,,,,,,,,
23.03.12,181.84,,,,,,,,
26.03.12,184.33,,,,,,,,
27.03.12,183.75,,,,,,,,
28.03.12,182.84,,,,,,,,
29.03.12,182.61,,,,,,,,
30.03.12,183.35,,,,,,,,
02.04.12,184.74,,,,,,,,
03.04.12,184.05,,,,,,,,
04.04.12,182.16,,,,,,,,
05.04.12,182.04,,,,,,,,
09.04.12,179.96,,,,,,,,
10.04.12,176.88,,,,,,,,
11.04.12,178.2,,,,,,,,
12.04.12,180.69,,,,,,,,
13.04.12,178.46,,,,,,,,
16.04.12,178.33,,,,,,,,
17.04.12,181.09,,,,,,,,
18.04.12,180.37,,,,,,,,
19.04.12,179.36,,,,,,,,
20.04.12,179.64,,,,,,,,
23.04.12,178.13,,,,,,,,
24.04.12,178.75,,,,,,,,
25.04.12,181.18,,,,,,,,
26.04.12,182.42,,,,,,,,
27.04.12,182.85,,,,,,,,
30.04.12,182.18,,,,,,,,
01.05.12,183.19,,,,,,,,
02.05.12,182.71,,,,,,,,
03.05.12,181.23,,,,,,,,
04.05.12,178.26,,,,,,,,
07.05.12,178.28,,,,,,,,
08.05.12,177.51,,,,,,,,
09.05.12,176.29,,,,,,,,
10.05.12,176.74,,,,,,,,
11.05.12,176.14,,,,,,,,
14.05.12,174.19,,,,,,,,
15.05.12,173.13,,,,,,,,
16.05.12,172.32,,,,,,,,
17.05.12,169.75,,,,,,,,
18.05.12,168.5,,,,,,,,
21.05.12,171.29,,,,,,,,
22.05.12,171.36,,,,,,,,
23.05.12,171.63,,,,,,,,
24.05.12,171.88,,,,,,,,
25.05.12,171.5,,,,,,,,
29.05.12,173.44,,,,,,,,
30.05.12,170.91,,,,,,,,
31.05.12,170.51,,,,,,,,
01.06.12,166.26,,,,,,,,
04.06.12,166.28,,,,,,,,
05.06.12,167.22,,,,,,,,
06.06.12,171.09,,,,,,,,
07.06.12,171.07,,,,,,,,
08.06.12,172.44,,,,,,,,
11.06.12,170.28,,,,,,,,
12.06.12,172.25,,,,,,,,
13.06.12,171.05,,,,,,,,
14.06.12,172.97,,,,,,,,
15.06.12,174.75,,,,,,,,
18.06.12,175,,,,,,,,
19.06.12,176.71,,,,,,,,
20.06.12,176.38,,,,,,,,
21.06.12,172.36,,,,,,,,
22.06.12,173.58,,,,,,,,
25.06.12,170.77,,,,,,,,
26.06.12,171.57,,,,,,,,
27.06.12,173.18,,,,,,,,
28.06.12,172.81,,,,,,,,
29.06.12,177.09,,,,,,,,
02.07.12,177.52,,,,,,,,
03.07.12,178.72,,,,,,,,
05.07.12,177.88,,,,,,,,
06.07.12,176.24,,,,,,,,
09.07.12,175.97,,,,,,,,
10.07.12,174.51,,,,,,,,
11.07.12,174.46,,,,,,,,
12.07.12,173.61,,,,,,,,
13.07.12,176.45,,,,,,,,
16.07.12,176.06,,,,,,,,
17.07.12,177.34,,,,,,,,
18.07.12,178.56,,,,,,,,
19.07.12,179.07,,,,,,,,
20.07.12,177.31,,,,,,,,
23.07.12,175.71,,,,,,,,
24.07.12,174.07,,,,,,,,
25.07.12,173.94,,,,,,,,
26.07.12,176.88,,,,,,,,
27.07.12,180.34,,,,,,,,
30.07.12,180.26,,,,,,,,
31.07.12,179.45,,,,,,,,
01.08.12,178.93,,,,,,,,
02.08.12,177.66,,,,,,,,
03.08.12,181.03,,,,,,,,
06.08.12,181.46,,,,,,,,
07.08.12,182.41,,,,,,,,
08.08.12,182.53,,,,,,,,
09.08.12,182.63,,,,,,,,
10.08.12,183.11,,,,,,,,
13.08.12,182.83,,,,,,,,
14.08.12,182.81,,,,,,,,
15.08.12,182.99,,,,,,,,
16.08.12,184.29,,,,,,,,
17.08.12,184.61,,,,,,,,
20.08.12,184.62,,,,,,,,
21.08.12,183.99,,,,,,,,
22.08.12,183.99,,,,,,,,
23.08.12,182.47,,,,,,,,
24.08.12,183.63,,,,,,,,
27.08.12,183.57,,,,,,,,
28.08.12,183.41,,,,,,,,
29.08.12,183.56,,,,,,,,
30.08.12,182.1,,,,,,,,
31.08.12,183.05,,,,,,,,
04.09.12,182.83,,,,,,,,
05.09.12,182.63,,,,,,,,
06.09.12,186.3,,,,,,,,
07.09.12,187.04,,,,,,,,
10.09.12,185.91,,,,,,,,
11.09.12,186.52,,,,,,,,
12.09.12,186.91,,,,,,,,
13.09.12,189.91,,,,,,,,
14.09.12,190.67,,,,,,,,
17.09.12,190.1,,,,,,,,
18.09.12,189.86,,,,,,,,
19.09.12,190.02,,,,,,,,
20.09.12,189.93,,,,,,,,
21.09.12,189.91,,,,,,,,
24.09.12,189.51,,,,,,,,
25.09.12,187.5,,,,,,,,
26.09.12,186.41,,,,,,,,
27.09.12,188.22,,,,,,,,
28.09.12,187.36,,,,,,,,
01.10.12,187.89,,,,,,,,
02.10.12,188.05,,,,,,,,
03.10.12,188.62,,,,,,,,
04.10.12,189.96,,,,,,,,
05.10.12,189.91,,,,,,,,
08.10.12,189.27,,,,,,,,
09.10.12,187.43,,,,,,,,
10.10.12,186.24,,,,,,,,
11.10.12,186.35,,,,,,,,
12.10.12,185.85,,,,,,,,
15.10.12,187.31,,,,,,,,
16.10.12,189.21,,,,,,,,
17.10.12,190.01,,,,,,,,
18.10.12,189.58,,,,,,,,
19.10.12,186.43,,,,,,,,
22.10.12,186.54,,,,,,,,
23.10.12,183.86,,,,,,,,
24.10.12,183.28,,,,,,,,
25.10.12,183.79,,,,,,,,
26.10.12,183.64,,,,,,,,
31.10.12,183.65,,,,,,,,
01.11.12,185.57,,,,,,,,
02.11.12,183.8,,,,,,,,
05.11.12,184.18,,,,,,,,
06.11.12,185.7,,,,,,,,
07.11.12,181.33,,,,,,,,
08.11.12,179.04,,,,,,,,
09.11.12,179.33,,,,,,,,
12.11.12,179.39,,,,,,,,
13.11.12,178.66,,,,,,,,
14.11.12,176.17,,,,,,,,
15.11.12,175.95,,,,,,,,
16.11.12,176.77,,,,,,,,
19.11.12,180.31,,,,,,,,
20.11.12,180.39,,,,,,,,
21.11.12,180.79,,,,,,,,
23.11.12,183.13,,,,,,,,
26.11.12,182.77,,,,,,,,
27.11.12,181.74,,,,,,,,
28.11.12,183.19,,,,,,,,
29.11.12,183.97,,,,,,,,
30.11.12,183.99,,,,,,,,
03.12.12,183.15,,,,,,,,
04.12.12,182.87,,,,,,,,
05.12.12,183.12,,,,,,,,
06.12.12,183.75,,,,,,,,
07.12.12,184.27,,,,,,,,
10.12.12,184.37,,,,,,,,
11.12.12,185.55,,,,,,,,
12.12.12,185.57,,,,,,,,
13.12.12,184.39,,,,,,,,
14.12.12,183.51,,,,,,,,
17.12.12,185.64,,,,,,,,
18.12.12,187.77,,,,,,,,
19.12.12,186.35,,,,,,,,
20.12.12,187.38,,,,,,,,
21.12.12,185.63,,,,,,,,
24.12.12,185.12,,,,,,,,
26.12.12,184.22,,,,,,,,
27.12.12,184,,,,,,,,
28.12.12,181.95,,,,,,,,
31.12.12,184.99,,,,,,,,
02.01.13,189.66,,,,,,,,
03.01.13,189.32,,,,,,,,
04.01.13,190.29,,,,,,,,
07.01.13,189.76,,,,,,,,
08.01.13,189.09,,,,,,,,
09.01.13,189.67,,,,,,,,
10.01.13,191.15,,,,,,,,
11.01.13,191.21,,,,,,,,
14.01.13,191.05,,,,,,,,
15.01.13,191.27,,,,,,,,
16.01.13,191.25,,,,,,,,
17.01.13,192.33,,,,,,,,
18.01.13,193.05,,,,,,,,
22.01.13,193.97,,,,,,,,
23.01.13,194.18,,,,,,,,
24.01.13,194.21,,,,,,,,
25.01.13,195.33,,,,,,,,
28.01.13,195,,,,,,,,
29.01.13,195.98,,,,,,,,
30.01.13,195.17,,,,,,,,
31.01.13,194.63,,,,,,,,
01.02.13,196.6,,,,,,,,
04.02.13,194.36,,,,,,,,
05.02.13,196.34,,,,,,,,
06.02.13,196.36,,,,,,,,
07.02.13,196.05,,,,,,,,
08.02.13,197.19,,,,,,,,
11.02.13,197.02,,,,,,,,
12.02.13,197.37,,,,,,,,
13.02.13,197.53,,,,,,,,
14.02.13,197.69,,,,,,,,
15.02.13,197.45,,,,,,,,
19.02.13,198.87,,,,,,,,
20.02.13,196.42,,,,,,,,
21.02.13,195.19,,,,,,,,
22.02.13,196.88,,,,,,,,
25.02.13,193.29,,,,,,,,
26.02.13,194.51,,,,,,,,
27.02.13,196.98,,,,,,,,
28.02.13,196.73,,,,,,,,
01.03.13,197.14,,,,,,,,
04.03.13,198.02,,,,,,,,
05.03.13,199.97,,,,,,,,
06.03.13,200.17,,,,,,,,
07.03.13,200.6,,,,,,,,
08.03.13,201.52,,,,,,,,
11.03.13,202.2,,,,,,,,
12.03.13,201.76,,,,,,,,
13.03.13,202.08,,,,,,,,
14.03.13,203.26,,,,,,,,
15.03.13,202.96,,,,,,,,
18.03.13,201.76,,,,,,,,
19.03.13,201.22,,,,,,,,
20.03.13,202.53,,,,,,,,
21.03.13,200.87,,,,,,,,
22.03.13,202.24,,,,,,,,
25.03.13,201.61,,,,,,,,
26.03.13,203.11,,,,,,,,
27.03.13,203.01,,,,,,,,
28.03.13,203.75,,,,,,,,
01.04.13,202.8,,,,,,,,
02.04.13,203.95,,,,,,,,
03.04.13,201.82,,,,,,,,
04.04.13,202.6,,,,,,,,
05.04.13,201.73,,,,,,,,
08.04.13,203.05,,,,,,,,
09.04.13,203.85,,,,,,,,
10.04.13,206.42,,,,,,,,
11.04.13,207.16,,,,,,,,
12.04.13,206.52,,,,,,,,
15.04.13,201.65,,,,,,,,
16.04.13,204.54,,,,,,,,
17.04.13,201.52,,,,,,,,
18.04.13,200.02,,,,,,,,
19.04.13,201.62,,,,,,,,
22.04.13,202.63,,,,,,,,
23.04.13,204.75,,,,,,,,
24.04.13,204.88,,,,,,,,
25.04.13,205.78,,,,,,,,
26.04.13,205.45,,,,,,,,
29.04.13,207.03,,,,,,,,
30.04.13,207.6,,,,,,,,
01.05.13,205.64,,,,,,,,
02.05.13,207.6,,,,,,,,
03.05.13,209.74,,,,,,,,
06.05.13,210.15,,,,,,,,
07.05.13,211.26,,,,,,,,
08.05.13,212.19,,,,,,,,
09.05.13,211.33,,,,,,,,
10.05.13,212.21,,,,,,,,
13.05.13,212.23,,,,,,,,
14.05.13,214.39,,,,,,,,
15.05.13,215.42,,,,,,,,
16.05.13,214.37,,,,,,,,
17.05.13,216.58,,,,,,,,
20.05.13,216.51,,,,,,,,
21.05.13,216.84,,,,,,,,
22.05.13,215,,,,,,,,
23.05.13,214.42,,,,,,,,
24.05.13,214.33,,,,,,,,
28.05.13,215.64,,,,,,,,
29.05.13,214.13,,,,,,,,
30.05.13,214.91,,,,,,,,
31.05.13,211.83,,,,,,,,
03.06.13,213.08,,,,,,,,
04.06.13,211.87,,,,,,,,
05.06.13,208.94,,,,,,,,
06.06.13,210.72,,,,,,,,
07.06.13,213.36,,,,,,,,
10.06.13,213.28,,,,,,,,
11.06.13,211.08,,,,,,,,
12.06.13,209.31,,,,,,,,
13.06.13,212.38,,,,,,,,
14.06.13,211.06,,,,,,,,
17.06.13,212.71,,,,,,,,
18.06.13,214.4,,,,,,,,
19.06.13,211.41,,,,,,,,
20.06.13,206.12,,,,,,,,
21.06.13,206.68,,,,,,,,
24.06.13,204.18,,,,,,,,
25.06.13,206.05,,,,,,,,
26.06.13,207.99,,,,,,,,
27.06.13,209.32,,,,,,,,
28.06.13,208.43,,,,,,,,
01.07.13,209.63,,,,,,,,
02.07.13,209.55,,,,,,,,
03.07.13,209.77,,,,,,,,
05.07.13,211.88,,,,,,,,
08.07.13,213.03,,,,,,,,
09.07.13,214.62,,,,,,,,
10.07.13,214.7,,,,,,,,
11.07.13,217.55,,,,,,,,
12.07.13,218.2,,,,,,,,
15.07.13,218.45,,,,,,,,
16.07.13,217.67,,,,,,,,
17.07.13,218.22,,,,,,,,
18.07.13,219.29,,,,,,,,
19.07.13,219.68,,,,,,,,
22.07.13,220.22,,,,,,,,
23.07.13,219.66,,,,,,,,
24.07.13,218.9,,,,,,,,
25.07.13,219.4,,,,,,,,
26.07.13,219.59,,,,,,,,
29.07.13,218.75,,,,,,,,
30.07.13,218.88,,,,,,,,
31.07.13,218.84,,,,,,,,
01.08.13,221.75,,,,,,,,
02.08.13,222.12,,,,,,,,
05.08.13,221.74,,,,,,,,
06.08.13,220.43,,,,,,,,
07.08.13,219.63,,,,,,,,
08.08.13,220.43,,,,,,,,
09.08.13,219.65,,,,,,,,
12.08.13,219.43,,,,,,,,
13.08.13,220.14,,,,,,,,
14.08.13,219.06,,,,,,,,
15.08.13,216.01,,,,,,,,
16.08.13,215.32,,,,,,,,
19.08.13,214.05,,,,,,,,
20.08.13,214.83,,,,,,,,
21.08.13,213.61,,,,,,,,
22.08.13,215.52,,,,,,,,
23.08.13,216.37,,,,,,,,
26.08.13,215.55,,,,,,,,
27.08.13,212.12,,,,,,,,
28.08.13,212.68,,,,,,,,
29.08.13,213.13,,,,,,,,
30.08.13,212.38,,,,,,,,
03.09.13,213.32,,,,,,,,
04.09.13,215.12,,,,,,,,
05.09.13,215.44,,,,,,,,
06.09.13,215.48,,,,,,,,
09.09.13,217.66,,,,,,,,
10.09.13,219.28,,,,,,,,
11.09.13,219.95,,,,,,,,
12.09.13,219.2,,,,,,,,
13.09.13,219.76,,,,,,,,
16.09.13,220.94,,,,,,,,
17.09.13,221.89,,,,,,,,
18.09.13,224.56,,,,,,,,
19.09.13,224.15,,,,,,,,
20.09.13,222.51,,,,,,,,
23.09.13,221.59,,,,,,,,
24.09.13,220.98,,,,,,,,
25.09.13,220.4,,,,,,,,
26.09.13,221.16,,,,,,,,
27.09.13,220.3,,,,,,,,
30.09.13,219,,,,,,,,
01.10.13,220.82,,,,,,,,
02.10.13,220.69,,,,,,,,
03.10.13,218.65,,,,,,,,
04.10.13,220.21,,,,,,,,
07.10.13,218.35,,,,,,,,
08.10.13,215.66,,,,,,,,
09.10.13,215.67,,,,,,,,
10.10.13,220.42,,,,,,,,
11.10.13,221.78,,,,,,,,
14.10.13,222.81,,,,,,,,
15.10.13,221.27,,,,,,,,
16.10.13,224.29,,,,,,,,
17.10.13,225.8,,,,,,,,
18.10.13,227.36,,,,,,,,
21.10.13,227.44,,,,,,,,
22.10.13,228.68,,,,,,,,
23.10.13,227.52,,,,,,,,
24.10.13,228.25,,,,,,,,
25.10.13,229.24,,,,,,,,
28.10.13,229.64,,,,,,,,
29.10.13,230.93,,,,,,,,
30.10.13,229.82,,,,,,,,
31.10.13,228.88,,,,,,,,
01.11.13,229.51,,,,,,,,
04.11.13,230.33,,,,,,,,
05.11.13,229.68,,,,,,,,
06.11.13,230.72,,,,,,,,
07.11.13,227.71,,,,,,,,
08.11.13,230.78,,,,,,,,
11.11.13,230.97,,,,,,,,
12.11.13,230.32,,,,,,,,
13.11.13,232.2,,,,,,,,
14.11.13,233.3,,,,,,,,
15.11.13,234.27,,,,,,,,
18.11.13,233.4,,,,,,,,
19.11.13,232.91,,,,,,,,
20.11.13,232.05,,,,,,,,
21.11.13,233.82,,,,,,,,
22.11.13,234.97,,,,,,,,
25.11.13,234.64,,,,,,,,
26.11.13,234.67,,,,,,,,
27.11.13,235.24,,,,,,,,
29.11.13,235.11,,,,,,,,
02.12.13,234.47,,,,,,,,
03.12.13,233.79,,,,,,,,
04.12.13,233.4,,,,,,,,
05.12.13,232.37,,,,,,,,
06.12.13,234.91,,,,,,,,
09.12.13,235.31,,,,,,,,
10.12.13,234.6,,,,,,,,
11.12.13,232.03,,,,,,,,
12.12.13,231.11,,,,,,,,
13.12.13,231.1,,,,,,,,
16.12.13,232.54,,,,,,,,
17.12.13,231.75,,,,,,,,
18.12.13,235.53,,,,,,,,
19.12.13,235.33,,,,,,,,
20.12.13,236.63,,,,,,,,
23.12.13,237.85,,,,,,,,
24.12.13,238.57,,,,,,,,
26.12.13,239.71,,,,,,,,
27.12.13,239.7,,,,,,,,
30.12.13,239.65,,,,,,,,
31.12.13,240.62,,,,,,,,
02.01.14,238.37,,,,,,,,
03.01.14,238.23,,,,,,,,
06.01.14,237.5,,,,,,,,
07.01.14,238.9,,,,,,,,
08.01.14,238.81,,,,,,,,
09.01.14,238.94,,,,,,,,
10.01.14,239.43,,,,,,,,
13.01.14,236.54,,,,,,,,
14.01.14,239,,,,,,,,
15.01.14,240.33,,,,,,,,
16.01.14,240.01,,,,,,,,
17.01.14,239.1,,,,,,,,
21.01.14,239.75,,,,,,,,
22.01.14,239.9,,,,,,,,
23.01.14,237.72,,,,,,,,
24.01.14,232.77,,,,,,,,
27.01.14,231.63,,,,,,,,
28.01.14,232.87,,,,,,,,
29.01.14,230.5,,,,,,,,
30.01.14,232.94,,,,,,,,
31.01.14,231.29,,,,,,,,
03.02.14,226.02,,,,,,,,
04.02.14,227.79,,,,,,,,
05.02.14,227.29,,,,,,,,
06.02.14,230.13,,,,,,,,
07.02.14,233.1,,,,,,,,
10.02.14,233.47,,,,,,,,
11.02.14,236.06,,,,,,,,
12.02.14,236.01,,,,,,,,
13.02.14,237.41,,,,,,,,
14.02.14,238.61,,,,,,,,
18.02.14,238.91,,,,,,,,
19.02.14,237.31,,,,,,,,
20.02.14,238.61,,,,,,,,
21.02.14,238.06,,,,,,,,
24.02.14,239.59,,,,,,,,
25.02.14,239.26,,,,,,,,
26.02.14,239.27,,,,,,,,
27.02.14,240.52,,,,,,,,
28.02.14,241.24,,,,,,,,
03.03.14,239.46,,,,,,,,
04.03.14,243.02,,,,,,,,
05.03.14,242.96,,,,,,,,
06.03.14,243.38,,,,,,,,
07.03.14,243.48,,,,,,,,
10.03.14,243.3,,,,,,,,
11.03.14,242.09,,,,,,,,
12.03.14,242.03,,,,,,,,
13.03.14,239.26,,,,,,,,
14.03.14,238.64,,,,,,,,
17.03.14,240.92,,,,,,,,
18.03.14,242.67,,,,,,,,
19.03.14,241.27,,,,,,,,
20.03.14,242.72,,,,,,,,
21.03.14,242.1,,,,,,,,
24.03.14,240.96,,,,,,,,
25.03.14,242.02,,,,,,,,
26.03.14,240.35,,,,,,,,
27.03.14,239.78,,,,,,,,
28.03.14,240.84,,,,,,,,
31.03.14,242.73,,,,,,,,
01.04.14,244.52,,,,,,,,
02.04.14,245.27,,,,,,,,
03.04.14,244.89,,,,,,,,
04.04.14,241.79,,,,,,,,
07.04.14,239.11,,,,,,,,
08.04.14,239.99,,,,,,,,
09.04.14,242.64,,,,,,,,
10.04.14,237.49,,,,,,,,
11.04.14,235.14,,,,,,,,
14.04.14,237.22,,,,,,,,
15.04.14,238.88,,,,,,,,
16.04.14,241.34,,,,,,,,
17.04.14,241.6,,,,,,,,
21.04.14,242.61,,,,,,,,
22.04.14,243.68,,,,,,,,
23.04.14,243.16,,,,,,,,
24.04.14,243.58,,,,,,,,
25.04.14,241.63,,,,,,,,
28.04.14,242.4,,,,,,,,
29.04.14,243.58,,,,,,,,
30.04.14,244.35,,,,,,,,
01.05.14,244.32,,,,,,,,
02.05.14,244.01,,,,,,,,
05.05.14,244.49,,,,,,,,
06.05.14,242.29,,,,,,,,
07.05.14,243.61,,,,,,,,
08.05.14,243.27,,,,,,,,
09.05.14,243.6,,,,,,,,
12.05.14,246.03,,,,,,,,
13.05.14,246.08,,,,,,,,
14.05.14,244.94,,,,,,,,
15.05.14,242.68,,,,,,,,
16.05.14,243.58,,,,,,,,
19.05.14,244.55,,,,,,,,
20.05.14,242.94,,,,,,,,
21.05.14,244.96,,,,,,,,
22.05.14,245.6,,,,,,,,
23.05.14,246.63,,,,,,,,
27.05.14,248.09,,,,,,,,
28.05.14,247.79,,,,,,,,
29.05.14,249.15,,,,,,,,
30.05.14,249.6,,,,,,,,
02.06.14,249.79,,,,,,,,
03.06.14,249.74,,,,,,,,
04.06.14,250.27,,,,,,,,
05.06.14,251.83,,,,,,,,
06.06.14,253.02,,,,,,,,
09.06.14,253.3,,,,,,,,
10.06.14,253.23,,,,,,,,
11.06.14,252.3,,,,,,,,
12.06.14,250.54,,,,,,,,
13.06.14,251.32,,,,,,,,
16.06.14,251.51,,,,,,,,
17.06.14,252.04,,,,,,,,
18.06.14,254.02,,,,,,,,
19.06.14,254.41,,,,,,,,
20.06.14,254.91,,,,,,,,
23.06.14,254.86,,,,,,,,
24.06.14,253.17,,,,,,,,
25.06.14,254.45,,,,,,,,
26.06.14,254.15,,,,,,,,
27.06.14,254.68,,,,,,,,
30.06.14,254.6,,,,,,,,
01.07.14,256.26,,,,,,,,
02.07.14,256.45,,,,,,,,
03.07.14,257.86,,,,,,,,
07.07.14,256.87,,,,,,,,
08.07.14,254.99,,,,,,,,
09.07.14,256.2,,,,,,,,
10.07.14,255.08,,,,,,,,
11.07.14,255.47,,,,,,,,
14.07.14,256.75,,,,,,,,
15.07.14,256.23,,,,,,,,
16.07.14,257.28,,,,,,,,
17.07.14,254.3,,,,,,,,
18.07.14,256.89,,,,,,,,
21.07.14,256.29,,,,,,,,
22.07.14,257.6,,,,,,,,
23.07.14,258.05,,,,,,,,
24.07.14,258.14,,,,,,,,
25.07.14,256.91,,,,,,,,
28.07.14,256.97,,,,,,,,
29.07.14,255.86,,,,,,,,
30.07.14,255.92,,,,,,,,
31.07.14,250.86,,,,,,,,
01.08.14,250.09,,,,,,,,
04.08.14,251.71,,,,,,,,
05.08.14,249.28,,,,,,,,
06.08.14,249.3,,,,,,,,
07.08.14,247.93,,,,,,,,
08.08.14,250.8,,,,,,,,
11.08.14,251.5,,,,,,,,
12.08.14,251.07,,,,,,,,
13.08.14,252.78,,,,,,,,
14.08.14,253.78,,,,,,,,
15.08.14,253.87,,,,,,,,
18.08.14,256.12,,,,,,,,
19.08.14,257.48,,,,,,,,
20.08.14,258.09,,,,,,,,
21.08.14,258.84,,,,,,,,
22.08.14,258.33,,,,,,,,
25.08.14,259.62,,,,,,,,
26.08.14,259.9,,,,,,,,
27.08.14,259.9,,,,,,,,
28.08.14,259.42,,,,,,,,
29.08.14,260.24,,,,,,,,
02.09.14,260.1,,,,,,,,
03.09.14,259.82,,,,,,,,
04.09.14,259.36,,,,,,,,
05.09.14,260.64,,,,,,,,
08.09.14,259.83,,,,,,,,
09.09.14,258.13,,,,,,,,
10.09.14,259.15,,,,,,,,
11.09.14,259.33,,,,,,,,
12.09.14,257.78,,,,,,,,
15.09.14,257.57,,,,,,,,
16.09.14,259.5,,,,,,,,
17.09.14,259.81,,,,,,,,
18.09.14,261.07,,,,,,,,
19.09.14,260.97,,,,,,,,
22.09.14,258.97,,,,,,,,
23.09.14,257.45,,,,,,,,
24.09.14,259.49,,,,,,,,
25.09.14,255.27,,,,,,,,
26.09.14,257.53,,,,,,,,
29.09.14,256.84,,,,,,,,
30.09.14,256.14,,,,,,,,
01.10.14,252.76,,,,,,,,
02.10.14,252.68,,,,,,,,
03.10.14,255.47,,,,,,,,
06.10.14,255.03,,,,,,,,
07.10.14,251.23,,,,,,,,
08.10.14,255.68,,,,,,,,
09.10.14,250.4,,,,,,,,
10.10.14,247.6,,,,,,,,
13.10.14,243.47,,,,,,,,
14.10.14,243.73,,,,,,,,
15.10.14,241.76,,,,,,,,
16.10.14,241.81,,,,,,,,
17.10.14,244.95,,,,,,,,
20.10.14,247.21,,,,,,,,
21.10.14,252.12,,,,,,,,
22.10.14,250.22,,,,,,,,
23.10.14,253.43,,,,,,,,
24.10.14,255.17,,,,,,,,
27.10.14,254.75,,,,,,,,
28.10.14,257.85,,,,,,,,
29.10.14,257.52,,,,,,,,
30.10.14,259.26,,,,,,,,
31.10.14,262.31,,,,,,,,
03.11.14,262.19,,,,,,,,
04.11.14,261.27,,,,,,,,
05.11.14,262.69,,,,,,,,
06.11.14,263.6,,,,,,,,
07.11.14,263.76,,,,,,,,
10.11.14,264.51,,,,,,,,
11.11.14,264.67,,,,,,,,
12.11.14,264.48,,,,,,,,
13.11.14,264.56,,,,,,,,
14.11.14,264.52,,,,,,,,
17.11.14,264.7,,,,,,,,
18.11.14,266.08,,,,,,,,
19.11.14,265.67,,,,,,,,
20.11.14,266.23,,,,,,,,
21.11.14,267.68,,,,,,,,
24.11.14,268.57,,,,,,,,
25.11.14,268.23,,,,,,,,
26.11.14,268.82,,,,,,,,
28.11.14,268.08,,,,,,,,
01.12.14,266.19,,,,,,,,
02.12.14,267.85,,,,,,,,
03.12.14,268.91,,,,,,,,
04.12.14,268.56,,,,,,,,
05.12.14,269.04,,,,,,,,
08.12.14,267.04,,,,,,,,
09.12.14,267.11,,,,,,,,
10.12.14,262.67,,,,,,,,
11.12.14,263.85,,,,,,,,
12.12.14,259.61,,,,,,,,
15.12.14,257.9,,,,,,,,
16.12.14,255.72,,,,,,,,
17.12.14,260.81,,,,,,,,
18.12.14,267.11,,,,,,,,
19.12.14,268.34,,,,,,,,
22.12.14,269.18,,,,,,,,
23.12.14,269.65,,,,,,,,
24.12.14,269.71,,,,,,,,
26.12.14,270.7,,,,,,,,
29.12.14,270.94,,,,,,,,
30.12.14,269.58,,,,,,,,
31.12.14,266.8,,,,,,,,
02.01.15,266.67,,,,,,,,
05.01.15,261.86,,,,,,,,
06.01.15,259.52,,,,,,,,
07.01.15,262.54,,,,,,,,
08.01.15,267.23,,,,,,,,
09.01.15,264.92,,,,,,,,
12.01.15,262.81,,,,,,,,
13.01.15,262.12,,,,,,,,
14.01.15,260.56,,,,,,,,
15.01.15,258.01,,,,,,,,
16.01.15,261.55,,,,,,,,
20.01.15,262.06,,,,,,,,
21.01.15,263.35,,,,,,,,
22.01.15,267.32,,,,,,,,
23.01.15,265.77,,,,,,,,
26.01.15,266.44,,,,,,,,
27.01.15,262.88,,,,,,,,
28.01.15,259.4,,,,,,,,
29.01.15,261.95,,,,,,,,
30.01.15,258.74,,,,,,,,
02.02.15,262.1,,,,,,,,
03.02.15,265.93,,,,,,,,
04.02.15,264.75,,,,,,,,
05.02.15,267.41,,,,,,,,
06.02.15,266.47,,,,,,,,
09.02.15,265.44,,,,,,,,
10.02.15,268.24,,,,,,,,
11.02.15,268.29,,,,,,,,
12.02.15,270.94,,,,,,,,
13.02.15,272.09,,,,,,,,
17.02.15,272.66,,,,,,,,
18.02.15,272.64,,,,,,,,
19.02.15,272.39,,,,,,,,
20.02.15,274.06,,,,,,,,
23.02.15,274.08,,,,,,,,
24.02.15,274.87,,,,,,,,
25.02.15,274.62,,,,,,,,
26.02.15,274.25,,,,,,,,
27.02.15,273.51,,,,,,,,
02.03.15,275.27,,,,,,,,
03.03.15,274.05,,,,,,,,
04.03.15,272.89,,,,,,,,
05.03.15,273.16,,,,,,,,
06.03.15,269.26,,,,,,,,
09.03.15,270.37,,,,,,,,
10.03.15,265.78,,,,,,,,
11.03.15,265.23,,,,,,,,
12.03.15,268.55,,,,,,,,
13.03.15,266.87,,,,,,,,
16.03.15,270.49,,,,,,,,
17.03.15,269.63,,,,,,,,
18.03.15,272.8,,,,,,,,
19.03.15,271.52,,,,,,,,
20.03.15,274.02,,,,,,,,
23.03.15,273.57,,,,,,,,
24.03.15,271.86,,,,,,,,
25.03.15,267.82,,,,,,,,
26.03.15,267.2,,,,,,,,
27.03.15,267.75,,,,,,,,
30.03.15,270.95,,,,,,,,
31.03.15,268.61,,,,,,,,
01.04.15,267.67,,,,,,,,
02.04.15,268.63,,,,,,,,
06.04.15,270.49,,,,,,,,
07.04.15,269.94,,,,,,,,
08.04.15,270.63,,,,,,,,
09.04.15,271.93,,,,,,,,
10.04.15,273.42,,,,,,,,
13.04.15,272.14,,,,,,,,
14.04.15,272.62,,,,,,,,
15.04.15,274.11,,,,,,,,
16.04.15,274.04,,,,,,,,
17.04.15,270.92,,,,,,,,
20.04.15,273.36,,,,,,,,
21.04.15,272.92,,,,,,,,
22.04.15,274.36,,,,,,,,
23.04.15,275.07,,,,,,,,
24.04.15,275.65,,,,,,,,
27.04.15,274.6,,,,,,,,
28.04.15,275.3,,,,,,,,
29.04.15,274.34,,,,,,,,
30.04.15,271.61,,,,,,,,
01.05.15,274.52,,,,,,,,
04.05.15,275.23,,,,,,,,
05.05.15,272.06,,,,,,,,
06.05.15,270.84,,,,,,,,
07.05.15,271.76,,,,,,,,
08.05.15,275.47,,,,,,,,
11.05.15,274.12,,,,,,,,
12.05.15,273.4,,,,,,,,
13.05.15,273.32,,,,,,,,
14.05.15,276.28,,,,,,,,
15.05.15,276.46,,,,,,,,
18.05.15,277.34,,,,,,,,
19.05.15,277.11,,,,,,,,
20.05.15,276.92,,,,,,,,
21.05.15,277.65,,,,,,,,
22.05.15,277.05,,,,,,,,
26.05.15,274.15,,,,,,,,
27.05.15,276.66,,,,,,,,
28.05.15,276.26,,,,,,,,
29.05.15,274.48,,,,,,,,
01.06.15,274.97,,,,,,,,
02.06.15,274.8,,,,,,,,
03.06.15,275.39,,,,,,,,
04.06.15,272.98,,,,,,,,
05.06.15,272.65,,,,,,,,
08.06.15,270.96,,,,,,,,
09.06.15,271.1,,,,,,,,
10.06.15,274.45,,,,,,,,
11.06.15,274.88,,,,,,,,
12.06.15,272.96,,,,,,,,
15.06.15,271.74,,,,,,,,
16.06.15,273.28,,,,,,,,
17.06.15,273.8,,,,,,,,
18.06.15,276.44,,,,,,,,
19.06.15,274.91,,,,,,,,
22.06.15,276.52,,,,,,,,
23.06.15,276.69,,,,,,,,
24.06.15,274.69,,,,,,,,
25.06.15,273.85,,,,,,,,
26.06.15,273.79,,,,,,,,
29.06.15,268.09,,,,,,,,
30.06.15,268.89,,,,,,,,
01.07.15,270.68,,,,,,,,
02.07.15,270.52,,,,,,,,
06.07.15,269.41,,,,,,,,
07.07.15,271,,,,,,,,
08.07.15,266.51,,,,,,,,
09.07.15,267.12,,,,,,,,
10.07.15,270.36,,,,,,,,
13.07.15,273.42,,,,,,,,
14.07.15,274.62,,,,,,,,
15.07.15,274.42,,,,,,,,
16.07.15,276.63,,,,,,,,
17.07.15,276.8,,,,,,,,
20.07.15,277.06,,,,,,,,
21.07.15,275.95,,,,,,,,
22.07.15,275.24,,,,,,,,
23.07.15,273.71,,,,,,,,
24.07.15,270.73,,,,,,,,
27.07.15,269.14,,,,,,,,
28.07.15,272.36,,,,,,,,
29.07.15,274.48,,,,,,,,
30.07.15,274.49,,,,,,,,
31.07.15,273.91,,,,,,,,
03.08.15,273.08,,,,,,,,
04.08.15,272.41,,,,,,,,
05.08.15,273.3,,,,,,,,
06.08.15,271.22,,,,,,,,
07.08.15,270.46,,,,,,,,
10.08.15,274,,,,,,,,
11.08.15,271.32,,,,,,,,
12.08.15,271.56,,,,,,,,
13.08.15,271.09,,,,,,,,
14.08.15,272.12,,,,,,,,
17.08.15,273.49,,,,,,,,
18.08.15,272.85,,,,,,,,
19.08.15,270.51,,,,,,,,
20.08.15,264.8,,,,,,,,
21.08.15,256.29,,,,,,,,
24.08.15,246.22,,,,,,,,
25.08.15,242.98,,,,,,,,
26.08.15,252.45,,,,,,,,
27.08.15,258.58,,,,,,,,
28.08.15,258.76,,,,,,,,
31.08.15,256.65,,,,,,,,
01.09.15,249.05,,,,,,,,
02.09.15,253.57,,,,,,,,
03.09.15,253.89,,,,,,,,
04.09.15,249.98,,,,,,,,
08.09.15,256.24,,,,,,,,
09.09.15,252.74,,,,,,,,
10.09.15,254.16,,,,,,,,
11.09.15,255.27,,,,,,,,
14.09.15,254.12,,,,,,,,
15.09.15,257.44,,,,,,,,
16.09.15,259.74,,,,,,,,
17.09.15,258.93,,,,,,,,
18.09.15,254.79,,,,,,,,
21.09.15,255.98,,,,,,,,
22.09.15,252.95,,,,,,,,
23.09.15,252.47,,,,,,,,
24.09.15,251.64,,,,,,,,
25.09.15,251.6,,,,,,,,
28.09.15,245.16,,,,,,,,
29.09.15,245.51,,,,,,,,
30.09.15,250.08,,,,,,,,
01.10.15,250.52,,,,,,,,
02.10.15,254.1,,,,,,,,
05.10.15,258.82,,,,,,,,
06.10.15,258.1,,,,,,,,
07.10.15,260.24,,,,,,,,
08.10.15,262.53,,,,,,,,
09.10.15,262.61,,,,,,,,
12.10.15,262.96,,,,,,,,
13.10.15,261.21,,,,,,,,
14.10.15,259.87,,,,,,,,
15.10.15,263.72,,,,,,,,
16.10.15,264.93,,,,,,,,
19.10.15,265.05,,,,,,,,
20.10.15,264.82,,,,,,,,
21.10.15,263.33,,,,,,,,
22.10.15,267.6,,,,,,,,
23.10.15,270.58,,,,,,,,
26.10.15,270.06,,,,,,,,
27.10.15,269.34,,,,,,,,
28.10.15,272.53,,,,,,,,
29.10.15,272.4,,,,,,,,
30.10.15,271.06,,,,,,,,
02.11.15,274.24,,,,,,,,
03.11.15,275.09,,,,,,,,
04.11.15,274.12,,,,,,,,
05.11.15,273.83,,,,,,,,
06.11.15,273.82,,,,,,,,
09.11.15,271.12,,,,,,,,
10.11.15,271.47,,,,,,,,
11.11.15,270.54,,,,,,,,
12.11.15,266.81,,,,,,,,
13.11.15,263.78,,,,,,,,
16.11.15,267.7,,,,,,,,
17.11.15,267.3,,,,,,,,
18.11.15,271.61,,,,,,,,
19.11.15,271.27,,,,,,,,
20.11.15,272.33,,,,,,,,
23.11.15,272.03,,,,,,,,
24.11.15,272.44,,,,,,,,
25.11.15,272.41,,,,,,,,
27.11.15,272.58,,,,,,,,
30.11.15,271.35,,,,,,,,
01.12.15,274.07,,,,,,,,
02.12.15,271.07,,,,,,,,
03.12.15,267.19,,,,,,,,
04.12.15,272.64,,,,,,,,
07.12.15,270.62,,,,,,,,
08.12.15,268.83,,,,,,,,
09.12.15,266.72,,,,,,,,
10.12.15,267.3,,,,,,,,
11.12.15,262.04,,,,,,,,
14.12.15,263.21,,,,,,,,
15.12.15,265.98,,,,,,,,
16.12.15,269.88,,,,,,,,
17.12.15,265.82,,,,,,,,
18.12.15,261.04,,,,,,,,
21.12.15,262.99,,,,,,,,
22.12.15,265.33,,,,,,,,
23.12.15,268.7,,,,,,,,
24.12.15,268.23,,,,,,,,
28.12.15,267.63,,,,,,,,
29.12.15,270.49,,,,,,,,
30.12.15,268.58,,,,,,,,
31.12.15,266.02,,,,,,,,
04.01.16,261.91,,,,,,,,
05.01.16,262.4,,,,,,,,
06.01.16,258.87,,,,,,,,
07.01.16,252.67,,,,,,,,
08.01.16,249.92,,,,,,,,
11.01.16,250.23,,,,,,,,
12.01.16,252.26,,,,,,,,
13.01.16,245.91,,,,,,,,
14.01.16,249.95,,,,,,,,
15.01.16,244.52,,,,,,,,
19.01.16,244.67,,,,,,,,
20.01.16,241.89,,,,,,,,
21.01.16,243.01,,,,,,,,
22.01.16,247.91,,,,,,,,
25.01.16,244.03,,,,,,,,
26.01.16,247.47,,,,,,,,
27.01.16,244.72,,,,,,,,
28.01.16,245.98,,,,,,,,
29.01.16,252.03,,,,,,,,
01.02.16,251.82,,,,,,,,
02.02.16,247.04,,,,,,,,
03.02.16,248.36,,,,,,,,
04.02.16,248.87,,,,,,,,
05.02.16,244.28,,,,,,,,
08.02.16,240.8,,,,,,,,
09.02.16,240.63,,,,,,,,
10.02.16,240.54,,,,,,,,
11.02.16,237.44,,,,,,,,
12.02.16,242.09,,,,,,,,
16.02.16,246.17,,,,,,,,
17.02.16,250.19,,,,,,,,
18.02.16,249.08,,,,,,,,
19.02.16,249.1,,,,,,,,
22.02.16,252.79,,,,,,,,
23.02.16,249.55,,,,,,,,
24.02.16,250.62,,,,,,,,
25.02.16,253.47,,,,,,,,
26.02.16,253.04,,,,,,,,
29.02.16,250.87,,,,,,,,
01.03.16,256.84,,,,,,,,
02.03.16,257.79,,,,,,,,
03.03.16,258.8,,,,,,,,
04.03.16,259.73,,,,,,,,
07.03.16,259.96,,,,,,,,
08.03.16,257.05,,,,,,,,
09.03.16,258.19,,,,,,,,
10.03.16,258.23,,,,,,,,
11.03.16,262.43,,,,,,,,
14.03.16,262.06,,,,,,,,
15.03.16,261.62,,,,,,,,
16.03.16,263.1,,,,,,,,
17.03.16,264.92,,,,,,,,
18.03.16,266.07,,,,,,,,
21.03.16,266.39,,,,,,,,
22.03.16,266.14,,,,,,,,
23.03.16,264.6,,,,,,,,
24.03.16,264.5,,,,,,,,
28.03.16,264.59,,,,,,,,
29.03.16,266.9,,,,,,,,
30.03.16,268.08,,,,,,,,
31.03.16,267.49,,,,,,,,
01.04.16,269.26,,,,,,,,
04.04.16,268.47,,,,,,,,
05.04.16,265.77,,,,,,,,
06.04.16,268.57,,,,,,,,
07.04.16,265.28,,,,,,,,
08.04.16,265.96,,,,,,,,
11.04.16,265.11,,,,,,,,
12.04.16,267.62,,,,,,,,
13.04.16,270.35,,,,,,,,
14.04.16,270.43,,,,,,,,
15.04.16,270.17,,,,,,,,
18.04.16,271.93,,,,,,,,
19.04.16,272.81,,,,,,,,
20.04.16,273.13,,,,,,,,
21.04.16,271.75,,,,,,,,
22.04.16,271.76,,,,,,,,
25.04.16,271.3,,,,,,,,
26.04.16,271.78,,,,,,,,
27.04.16,272.14,,,,,,,,
28.04.16,269.68,,,,,,,,
29.04.16,268.28,,,,,,,,
02.05.16,270.4,,,,,,,,
03.05.16,268.11,,,,,,,,
04.05.16,266.51,,,,,,,,
05.05.16,266.37,,,,,,,,
06.05.16,267.15,,,,,,,,
09.05.16,267.43,,,,,,,,
10.05.16,270.76,,,,,,,,
11.05.16,268.09,,,,,,,,
12.05.16,268.07,,,,,,,,
13.05.16,265.81,,,,,,,,
16.05.16,268.36,,,,,,,,
17.05.16,265.83,,,,,,,,
18.05.16,265.99,,,,,,,,
19.05.16,264.93,,,,,,,,
20.05.16,266.58,,,,,,,,
23.05.16,266.01,,,,,,,,
24.05.16,269.68,,,,,,,,
25.05.16,271.58,,,,,,,,
26.05.16,271.55,,,,,,,,
27.05.16,272.74,,,,,,,,
31.05.16,272.53,,,,,,,,
01.06.16,272.78,,,,,,,,
02.06.16,273.64,,,,,,,,
03.06.16,272.87,,,,,,,,
06.06.16,274.24,,,,,,,,
07.06.16,274.4,,,,,,,,
08.06.16,275.34,,,,,,,,
09.06.16,274.79,,,,,,,,
10.06.16,272.29,,,,,,,,
13.06.16,270.08,,,,,,,,
14.06.16,269.54,,,,,,,,
15.06.16,269.02,,,,,,,,
16.06.16,269.85,,,,,,,,
17.06.16,268.91,,,,,,,,
20.06.16,270.41,,,,,,,,
21.06.16,271.04,,,,,,,,
22.06.16,270.6,,,,,,,,
23.06.16,274.24,,,,,,,,
24.06.16,264.39,,,,,,,,
27.06.16,259.62,,,,,,,,
28.06.16,264.2,,,,,,,,
29.06.16,268.68,,,,,,,,
30.06.16,272.25,,,,,,,,
01.07.16,272.79,,,,,,,,
05.07.16,271,,,,,,,,
06.07.16,272.4,,,,,,,,
07.07.16,272.19,,,,,,,,
08.07.16,276.36,,,,,,,,
11.07.16,277.3,,,,,,,,
12.07.16,279.13,,,,,,,,
13.07.16,279.2,,,,,,,,
14.07.16,280.72,,,,,,,,
15.07.16,280.5,,,,,,,,
18.07.16,281.17,,,,,,,,
19.07.16,280.79,,,,,,,,
20.07.16,282.08,,,,,,,,
21.07.16,281.19,,,,,,,,
22.07.16,282.49,,,,,,,,
25.07.16,281.62,,,,,,,,
26.07.16,281.51,,,,,,,,
27.07.16,281.27,,,,,,,,
28.07.16,281.73,,,,,,,,
29.07.16,282.26,,,,,,,,
01.08.16,282.01,,,,,,,,
02.08.16,280.36,,,,,,,,
03.08.16,281.21,,,,,,,,
04.08.16,281.26,,,,,,,,
05.08.16,283.54,,,,,,,,
08.08.16,283.21,,,,,,,,
09.08.16,283.29,,,,,,,,
10.08.16,282.54,,,,,,,,
11.08.16,283.84,,,,,,,,
12.08.16,283.63,,,,,,,,
15.08.16,284.42,,,,,,,,
16.08.16,282.87,,,,,,,,
17.08.16,283.41,,,,,,,,
18.08.16,283.98,,,,,,,,
19.08.16,283.59,,,,,,,,
22.08.16,283.44,,,,,,,,
23.08.16,283.96,,,,,,,,
24.08.16,282.47,,,,,,,,
25.08.16,281.98,,,,,,,,
26.08.16,281.59,,,,,,,,
29.08.16,282.99,,,,,,,,
30.08.16,282.42,,,,,,,,
31.08.16,281.79,,,,,,,,
01.09.16,281.78,,,,,,,,
02.09.16,282.91,,,,,,,,
06.09.16,283.67,,,,,,,,
07.09.16,283.63,,,,,,,,
08.09.16,282.96,,,,,,,,
09.09.16,276.09,,,,,,,,
12.09.16,280.2,,,,,,,,
13.09.16,276.15,,,,,,,,
14.09.16,276.04,,,,,,,,
15.09.16,278.85,,,,,,,,
16.09.16,277.85,,,,,,,,
19.09.16,277.82,,,,,,,,
20.09.16,277.98,,,,,,,,
21.09.16,280.91,,,,,,,,
22.09.16,282.76,,,,,,,,
23.09.16,281.21,,,,,,,,
26.09.16,278.71,,,,,,,,
27.09.16,280.49,,,,,,,,
28.09.16,281.81,,,,,,,,
29.09.16,279.03,,,,,,,,
30.09.16,281.31,,,,,,,,
03.10.16,280.41,,,,,,,,
04.10.16,279.16,,,,,,,,
05.10.16,280.38,,,,,,,,
06.10.16,280.47,,,,,,,,
07.10.16,279.69,,,,,,,,
10.10.16,280.86,,,,,,,,
11.10.16,277.48,,,,,,,,
12.10.16,277.69,,,,,,,,
13.10.16,276.82,,,,,,,,
14.10.16,276.86,,,,,,,,
17.10.16,276.01,,,,,,,,
18.10.16,277.72,,,,,,,,
19.10.16,278.23,,,,,,,,
20.10.16,277.88,,,,,,,,
21.10.16,278.01,,,,,,,,
24.10.16,279.32,,,,,,,,
25.10.16,278.36,,,,,,,,
26.10.16,277.94,,,,,,,,
27.10.16,277.15,,,,,,,,
28.10.16,276.2,,,,,,,,
31.10.16,276.13,,,,,,,,
01.11.16,274.26,,,,,,,,
02.11.16,272.37,,,,,,,,
03.11.16,271.15,,,,,,,,
04.11.16,270.63,,,,,,,,
07.11.16,276.7,,,,,,,,
08.11.16,277.57,,,,,,,,
09.11.16,281,,,,,,,,
10.11.16,281.58,,,,,,,,
11.11.16,281.3,,,,,,,,
14.11.16,281.35,,,,,,,,
15.11.16,283.28,,,,,,,,
16.11.16,282.88,,,,,,,,
17.11.16,284.24,,,,,,,,
18.11.16,283.54,,,,,,,,
21.11.16,285.62,,,,,,,,
22.11.16,286.22,,,,,,,,
23.11.16,286.52,,,,,,,,
25.11.16,287.63,,,,,,,,
28.11.16,286.18,,,,,,,,
29.11.16,286.6,,,,,,,,
30.11.16,285.77,,,,,,,,
01.12.16,284.94,,,,,,,,
02.12.16,285.03,,,,,,,,
05.12.16,286.65,,,,,,,,
06.12.16,287.54,,,,,,,,
07.12.16,291.19,,,,,,,,
08.12.16,291.86,,,,,,,,
09.12.16,293.52,,,,,,,,
12.12.16,293.11,,,,,,,,
13.12.16,294.98,,,,,,,,
14.12.16,292.72,,,,,,,,
15.12.16,293.81,,,,,,,,
16.12.16,293.3,,,,,,,,
19.12.16,293.91,,,,,,,,
20.12.16,295.06,,,,,,,,
21.12.16,294.33,,,,,,,,
22.12.16,293.76,,,,,,,,
23.12.16,294.15,,,,,,,,
27.12.16,294.82,,,,,,,,
28.12.16,292.4,,,,,,,,
29.12.16,292.29,,,,,,,,
30.12.16,290.96,,,,,,,,
03.01.17,293.49,,,,,,,,
04.01.17,295.19,,,,,,,,
05.01.17,294.95,,,,,,,,
06.01.17,296.04,,,,,,,,
09.01.17,295.05,,,,,,,,
10.01.17,295.01,,,,,,,,
11.01.17,295.67,,,,,,,,
12.01.17,295.06,,,,,,,,
13.01.17,295.57,,,,,,,,
17.01.17,294.64,,,,,,,,
18.01.17,295.23,,,,,,,,
19.01.17,294.36,,,,,,,,
20.01.17,295.18,,,,,,,,
23.01.17,294.39,,,,,,,,
24.01.17,296.24,,,,,,,,
25.01.17,298.61,,,,,,,,
26.01.17,298.17,,,,,,,,
27.01.17,298.06,,,,,,,,
30.01.17,296.33,,,,,,,,
31.01.17,295.92,,,,,,,,
01.02.17,296.16,,,,,,,,
02.02.17,296.19,,,,,,,,
03.02.17,298.49,,,,,,,,
06.02.17,297.92,,,,,,,,
07.02.17,298.15,,,,,,,,
08.02.17,298.28,,,,,,,,
09.02.17,299.98,,,,,,,,
10.02.17,301.06,,,,,,,,
13.02.17,302.66,,,,,,,,
14.02.17,304.01,,,,,,,,
15.02.17,305.61,,,,,,,,
16.02.17,305.37,,,,,,,,
17.02.17,305.85,,,,,,,,
21.02.17,307.73,,,,,,,,
22.02.17,307.42,,,,,,,,
23.02.17,307.59,,,,,,,,
24.02.17,308.06,,,,,,,,
27.02.17,308.48,,,,,,,,
28.02.17,307.62,,,,,,,,
01.03.17,311.73,,,,,,,,
02.03.17,309.95,,,,,,,,
03.03.17,310.14,,,,,,,,
06.03.17,309.14,,,,,,,,
07.03.17,308.25,,,,,,,,
08.03.17,307.66,,,,,,,,
09.03.17,307.9,,,,,,,,
10.03.17,308.89,,,,,,,,
13.03.17,309.01,,,,,,,,
14.03.17,308.04,,,,,,,,
15.03.17,310.51,,,,,,,,
16.03.17,310.07,,,,,,,,
17.03.17,309.55,,,,,,,,
20.03.17,308.91,,,,,,,,
21.03.17,305,,,,,,,,
22.03.17,305.48,,,,,,,,
23.03.17,305.14,,,,,,,,
24.03.17,304.89,,,,,,,,
27.03.17,304.51,,,,,,,,
28.03.17,306.83,,,,,,,,
29.03.17,307.19,,,,,,,,
30.03.17,308.06,,,,,,,,
31.03.17,307.45,,,,,,,,
03.04.17,306.89,,,,,,,,
04.04.17,307.03,,,,,,,,
05.04.17,306.08,,,,,,,,
06.04.17,306.72,,,,,,,,
07.04.17,306.45,,,,,,,,
10.04.17,306.66,,,,,,,,
11.04.17,306.24,,,,,,,,
12.04.17,305,,,,,,,,
13.04.17,302.93,,,,,,,,
17.04.17,305.66,,,,,,,,
18.04.17,304.68,,,,,,,,
19.04.17,304.2,,,,,,,,
20.04.17,306.51,,,,,,,,
21.04.17,305.51,,,,,,,,
24.04.17,308.8,,,,,,,,
25.04.17,310.66,,,,,,,,
26.04.17,310.54,,,,,,,,
27.04.17,310.72,,,,,,,,
28.04.17,310.06,,,,,,,,
01.05.17,310.61,,,,,,,,
02.05.17,311.02,,,,,,,,
03.05.17,310.66,,,,,,,,
04.05.17,310.84,,,,,,,,
05.05.17,312.13,,,,,,,,
08.05.17,312.14,,,,,,,,
09.05.17,311.83,,,,,,,,
10.05.17,312.18,,,,,,,,
11.05.17,311.48,,,,,,,,
12.05.17,310.96,,,,,,,,
15.05.17,312.49,,,,,,,,
16.05.17,312.26,,,,,,,,
17.05.17,306.5,,,,,,,,
18.05.17,307.66,,,,,,,,
19.05.17,309.8,,,,,,,,
22.05.17,311.39,,,,,,,,
23.05.17,312,,,,,,,,
24.05.17,312.79,,,,,,,,
25.05.17,314.12,,,,,,,,
26.05.17,314.22,,,,,,,,
30.05.17,313.74,,,,,,,,
31.05.17,313.61,,,,,,,,
01.06.17,316.06,,,,,,,,
02.06.17,317.23,,,,,,,,
05.06.17,316.9,,,,,,,,
06.06.17,316.03,,,,,,,,
07.06.17,316.52,,,,,,,,
08.06.17,316.65,,,,,,,,
09.06.17,316.38,,,,,,,,
12.06.17,316.08,,,,,,,,
13.06.17,317.45,,,,,,,,
14.06.17,317.17,,,,,,,,
15.06.17,316.46,,,,,,,,
16.06.17,316.53,,,,,,,,
19.06.17,319.17,,,,,,,,
20.06.17,317.02,,,,,,,,
21.06.17,316.78,,,,,,,,
22.06.17,316.62,,,,,,,,
23.06.17,317.06,,,,,,,,
26.06.17,317.25,,,,,,,,
27.06.17,314.79,,,,,,,,
28.06.17,317.58,,,,,,,,
29.06.17,314.92,,,,,,,,
30.06.17,315.48,,,,,,,,
03.07.17,316.27,,,,,,,,
05.07.17,316.75,,,,,,,,
06.07.17,313.76,,,,,,,,
07.07.17,315.71,,,,,,,,
10.07.17,316.04,,,,,,,,
11.07.17,315.82,,,,,,,,
12.07.17,318.1,,,,,,,,
13.07.17,318.78,,,,,,,,
14.07.17,320.26,,,,,,,,
17.07.17,320.22,,,,,,,,
18.07.17,320.37,,,,,,,,
19.07.17,322.04,,,,,,,,
20.07.17,321.88,,,,,,,,
21.07.17,321.82,,,,,,,,
24.07.17,321.45,,,,,,,,
25.07.17,322.59,,,,,,,,
26.07.17,322.8,,,,,,,,
27.07.17,322.46,,,,,,,,
28.07.17,322.03,,,,,,,,
31.07.17,321.8,,,,,,,,
01.08.17,322.55,,,,,,,,
02.08.17,322.75,,,,,,,,
03.08.17,321.96,,,,,,,,
04.08.17,322.53,,,,,,,,
07.08.17,323.12,,,,,,,,
08.08.17,322.41,,,,,,,,
09.08.17,322.28,,,,,,,,
10.08.17,317.47,,,,,,,,
11.08.17,317.83,,,,,,,,
14.08.17,321.06,,,,,,,,
15.08.17,320.88,,,,,,,,
16.08.17,321.25,,,,,,,,
17.08.17,316.29,,,,,,,,
18.08.17,315.71,,,,,,,,
21.08.17,316.03,,,,,,,,
22.08.17,319.13,,,,,,,,
23.08.17,318.01,,,,,,,,
24.08.17,317.43,,,,,,,,
25.08.17,317.97,,,,,,,,
28.08.17,318.16,,,,,,,,
29.08.17,318.46,,,,,,,,
30.08.17,319.88,,,,,,,,
31.08.17,321.71,,,,,,,,
01.09.17,322.4,,,,,,,,
05.09.17,320.03,,,,,,,,
06.09.17,321.03,,,,,,,,
07.09.17,321.05,,,,,,,,
08.09.17,320.48,,,,,,,,
11.09.17,323.96,,,,,,,,
12.09.17,325.05,,,,,,,,
13.09.17,325.28,,,,,,,,
14.09.17,324.94,,,,,,,,
15.09.17,325.58,,,,,,,,
18.09.17,326.05,,,,,,,,
19.09.17,326.38,,,,,,,,
20.09.17,326.57,,,,,,,,
21.09.17,325.58,,,,,,,,
22.09.17,325.89,,,,,,,,
25.09.17,325.18,,,,,,,,
26.09.17,325.31,,,,,,,,
27.09.17,326.63,,,,,,,,
28.09.17,326.96,,,,,,,,
29.09.17,328.18,,,,,,,,
02.10.17,329.43,,,,,,,,
03.10.17,330.13,,,,,,,,
04.10.17,330.52,,,,,,,,
05.10.17,332.44,,,,,,,,
06.10.17,332.04,,,,,,,,
09.10.17,331.36,,,,,,,,
10.10.17,332.13,,,,,,,,
11.10.17,332.7,,,,,,,,
12.10.17,332.04,,,,,,,,
13.10.17,332.2,,,,,,,,
16.10.17,332.73,,,,,,,,
17.10.17,332.98,,,,,,,,
18.10.17,333.29,,,,,,,,
19.10.17,333.34,,,,,,,,
20.10.17,335,,,,,,,,
23.10.17,333.56,,,,,,,,
24.10.17,333.97,,,,,,,,
25.10.17,332.46,,,,,,,,
26.10.17,332.89,,,,,,,,
27.10.17,335.52,,,,,,,,
30.10.17,334.49,,,,,,,,
31.10.17,334.73,,,,,,,,
01.11.17,335.34,,,,,,,,
02.11.17,335.44,,,,,,,,
03.11.17,336.67,,,,,,,,
06.11.17,337.25,,,,,,,,
07.11.17,337.09,,,,,,,,
08.11.17,337.58,,,,,,,,
09.11.17,336.27,,,,,,,,
10.11.17,336.02,,,,,,,,
13.11.17,336.3,,,,,,,,
14.11.17,335.47,,,,,,,,
15.11.17,333.55,,,,,,,,
16.11.17,336.28,,,,,,,,
17.11.17,335.45,,,,,,,,
20.11.17,335.85,,,,,,,,
21.11.17,338.01,,,,,,,,
22.11.17,337.87,,,,,,,,
24.11.17,338.52,,,,,,,,
27.11.17,338.32,,,,,,,,
28.11.17,341.73,,,,,,,,
29.11.17,341.7,,,,,,,,
30.11.17,344.59,,,,,,,,
01.12.17,343.93,,,,,,,,
04.12.17,343.77,,,,,,,,
05.12.17,342.34,,,,,,,,
06.12.17,342.26,,,,,,,,
07.12.17,343.25,,,,,,,,
08.12.17,345.27,,,,,,,,
11.12.17,346.37,,,,,,,,
12.12.17,346.95,,,,,,,,
13.12.17,346.72,,,,,,,,
14.12.17,345.25,,,,,,,,
15.12.17,348.43,,,,,,,,
18.12.17,350.32,,,,,,,,
19.12.17,349.23,,,,,,,,
20.12.17,348.92,,,,,,,,
21.12.17,349.65,,,,,,,,
22.12.17,349.51,,,,,,,,
26.12.17,349.16,,,,,,,,
27.12.17,349.37,,,,,,,,
28.12.17,350.02,,,,,,,,
29.12.17,348.2,,,,,,,,
02.01.18,351.12,,,,,,,,
03.01.18,353.27,,,,,,,,
04.01.18,354.67,,,,,,,,
05.01.18,357.27,,,,,,,,
08.01.18,357.84,,,,,,,,
09.01.18,358.51,,,,,,,,
10.01.18,358.17,,,,,,,,
11.01.18,360.72,,,,,,,,
12.01.18,363.18,,,,,,,,
16.01.18,361.87,,,,,,,,
17.01.18,365.13,,,,,,,,
18.01.18,364.62,,,,,,,,
19.01.18,366.35,,,,,,,,
22.01.18,369.36,,,,,,,,
23.01.18,370.18,,,,,,,,
24.01.18,370.05,,,,,,,,
25.01.18,370.12,,,,,,,,
26.01.18,374.49,,,,,,,,
29.01.18,372.07,,,,,,,,
30.01.18,367.93,,,,,,,,
31.01.18,368.02,,,,,,,,
01.02.18,367.9,,,,,,,,
02.02.18,360.23,,,,,,,,
05.02.18,345.59,,,,,,,,
06.02.18,351.67,,,,,,,,
07.02.18,350.25,,,,,,,,
08.02.18,336.95,,,,,,,,
09.02.18,341.88,,,,,,,,
12.02.18,346.64,,,,,,,,
13.02.18,347.63,,,,,,,,
14.02.18,352.36,,,,,,,,
15.02.18,356.55,,,,,,,,
16.02.18,356.67,,,,,,,,
20.02.18,354.53,,,,,,,,
21.02.18,352.69,,,,,,,,
22.02.18,352.95,,,,,,,,
23.02.18,358.66,,,,,,,,
26.02.18,362.72,,,,,,,,
27.02.18,358.15,,,,,,,,
28.02.18,354.19,,,,,,,,
01.03.18,349.5,,,,,,,,
02.03.18,351.29,,,,,,,,
05.03.18,355.15,,,,,,,,
06.03.18,356.06,,,,,,,,
07.03.18,355.91,,,,,,,,
08.03.18,357.41,,,,,,,,
09.03.18,363.55,,,,,,,,
12.03.18,362.93,,,,,,,,
13.03.18,360.61,,,,,,,,
14.03.18,358.61,,,,,,,,
15.03.18,358.29,,,,,,,,
16.03.18,358.95,,,,,,,,
19.03.18,353.95,,,,,,,,
20.03.18,354.5,,,,,,,,
21.03.18,353.77,,,,,,,,
22.03.18,344.89,,,,,,,,
23.03.18,337.9,,,,,,,,
26.03.18,346.97,,,,,,,,
27.03.18,341.11,,,,,,,,
28.03.18,340.22,,,,,,,,
29.03.18,344.85,,,,,,,,
02.04.18,337.31,,,,,,,,
03.04.18,341.57,,,,,,,,
04.04.18,345.45,,,,,,,,
05.04.18,347.96,,,,,,,,
06.04.18,340.38,,,,,,,,
09.04.18,341.45,,,,,,,,
10.04.18,347.21,,,,,,,,
11.04.18,345.32,,,,,,,,
12.04.18,348.14,,,,,,,,
13.04.18,347.13,,,,,,,,
16.04.18,349.95,,,,,,,,
17.04.18,353.6,,,,,,,,
18.04.18,353.87,,,,,,,,
19.04.18,351.79,,,,,,,,
20.04.18,348.81,,,,,,,,
23.04.18,348.92,,,,,,,,
24.04.18,344.34,,,,,,,,
25.04.18,344.87,,,,,,,,
26.04.18,348.43,,,,,,,,
27.04.18,348.85,,,,,,,,
30.04.18,346.15,,,,,,,,
01.05.18,346.84,,,,,,,,
02.05.18,344.33,,,,,,,,
03.05.18,343.44,,,,,,,,
04.05.18,347.78,,,,,,,,
07.05.18,348.94,,,,,,,,
08.05.18,348.89,,,,,,,,
09.05.18,352.13,,,,,,,,
10.05.18,355.31,,,,,,,,
11.05.18,355.97,,,,,,,,
14.05.18,356.29,,,,,,,,
15.05.18,353.89,,,,,,,,
16.05.18,355.39,,,,,,,,
17.05.18,355.25,,,,,,,,
18.05.18,354.45,,,,,,,,
21.05.18,356.97,,,,,,,,
22.05.18,355.79,,,,,,,,
23.05.18,356.98,,,,,,,,
24.05.18,356.24,,,,,,,,
25.05.18,355.37,,,,,,,,
29.05.18,351.09,,,,,,,,
30.05.18,355.53,,,,,,,,
31.05.18,353.11,,,,,,,,
01.06.18,356.84,,,,,,,,
04.06.18,358.56,,,,,,,,
05.06.18,358.7,,,,,,,,
06.06.18,361.89,,,,,,,,
07.06.18,361.66,,,,,,,,
08.06.18,362.76,,,,,,,,
11.06.18,363.16,,,,,,,,
12.06.18,363.75,,,,,,,,
13.06.18,362.25,,,,,,,,
14.06.18,363.13,,,,,,,,
15.06.18,362.8,,,,,,,,
18.06.18,361.91,,,,,,,,
19.06.18,360.37,,,,,,,,
20.06.18,361.01,,,,,,,,
21.06.18,358.76,,,,,,,,
22.06.18,359.4,,,,,,,,
25.06.18,354.59,,,,,,,,
26.06.18,355.27,,,,,,,,
27.06.18,352.31,,,,,,,,
28.06.18,354.39,,,,,,,,
29.06.18,354.63,,,,,,,,
02.07.18,355.64,,,,,,,,
03.07.18,353.91,,,,,,,,
05.07.18,356.86,,,,,,,,
06.07.18,359.96,,,,,,,,
09.07.18,363.35,,,,,,,,
10.07.18,364.58,,,,,,,,
11.07.18,361.97,,,,,,,,
12.07.18,364.99,,,,,,,,
13.07.18,365.34,,,,,,,,
16.07.18,365.03,,,,,,,,
17.07.18,366.44,,,,,,,,
18.07.18,367.09,,,,,,,,
19.07.18,365.6,,,,,,,,
20.07.18,365.23,,,,,,,,
23.07.18,365.9,,,,,,,,
24.07.18,367.62,,,,,,,,
25.07.18,370.89,,,,,,,,
26.07.18,369.78,,,,,,,,
27.07.18,367.46,,,,,,,,
30.07.18,365.38,,,,,,,,
31.07.18,367.13,,,,,,,,
01.08.18,366.84,,,,,,,,
02.08.18,368.59,,,,,,,,
03.08.18,370.2,,,,,,,,
06.08.18,371.3,,,,,,,,
07.08.18,372.27,,,,,,,,
08.08.18,372.17,,,,,,,,
09.08.18,371.65,,,,,,,,
10.08.18,369.12,,,,,,,,
13.08.18,367.71,,,,,,,,
14.08.18,370.13,,,,,,,,
15.08.18,367.32,,,,,,,,
16.08.18,370.36,,,,,,,,
17.08.18,371.47,,,,,,,,
20.08.18,372.41,,,,,,,,
21.08.18,373.18,,,,,,,,
22.08.18,373.05,,,,,,,,
23.08.18,372.37,,,,,,,,
24.08.18,374.6,,,,,,,,
27.08.18,377.45,,,,,,,,
28.08.18,377.56,,,,,,,,
29.08.18,379.67,,,,,,,,
30.08.18,377.97,,,,,,,,
31.08.18,378.04,,,,,,,,
04.09.18,377.4,,,,,,,,
05.09.18,376.33,,,,,,,,
06.09.18,375.06,,,,,,,,
07.09.18,374.19,,,,,,,,
10.09.18,374.84,,,,,,,,
11.09.18,376.29,,,,,,,,
12.09.18,376.63,,,,,,,,
13.09.18,378.6,,,,,,,,
14.09.18,378.76,,,,,,,,
17.09.18,376.69,,,,,,,,
18.09.18,378.69,,,,,,,,
19.09.18,379.19,,,,,,,,
20.09.18,382.1,,,,,,,,
21.09.18,382.01,,,,,,,,
24.09.18,380.51,,,,,,,,
25.09.18,379.96,,,,,,,,
26.09.18,378.68,,,,,,,,
27.09.18,379.71,,,,,,,,
28.09.18,379.8,,,,,,,,
01.10.18,381.31,,,,,,,,
02.10.18,381.26,,,,,,,,
03.10.18,381.59,,,,,,,,
04.10.18,378.5,,,,,,,,
05.10.18,376.37,,,,,,,,
08.10.18,376.25,,,,,,,,
09.10.18,375.69,,,,,,,,
10.10.18,363.48,,,,,,,,
11.10.18,355.87,,,,,,,,
12.10.18,360.83,,,,,,,,
15.10.18,358.84,,,,,,,,
16.10.18,366.5,,,,,,,,
17.10.18,366.42,,,,,,,,
18.10.18,361.14,,,,,,,,
19.10.18,361.11,,,,,,,,
22.10.18,359.36,,,,,,,,
23.10.18,357.55,,,,,,,,
24.10.18,346.74,,,,,,,,
25.10.18,353.14,,,,,,,,
26.10.18,347.16,,,,,,,,
29.10.18,344.74,,,,,,,,
30.10.18,350.22,,,,,,,,
31.10.18,353.99,,,,,,,,
01.11.18,357.63,,,,,,,,
02.11.18,355.15,,,,,,,,
05.11.18,356.9,,,,,,,,
06.11.18,359.15,,,,,,,,
07.11.18,366.64,,,,,,,,
08.11.18,365.66,,,,,,,,
09.11.18,362.22,,,,,,,,
12.11.18,354.9,,,,,,,,
13.11.18,354.27,,,,,,,,
14.11.18,351.53,,,,,,,,
15.11.18,355.05,,,,,,,,
16.11.18,355.58,,,,,,,,
19.11.18,349.62,,,,,,,,
20.11.18,343.26,,,,,,,,
21.11.18,344.24,,,,,,,,
23.11.18,342.03,,,,,,,,
26.11.18,347.31,,,,,,,,
27.11.18,348.37,,,,,,,,
28.11.18,356.38,,,,,,,,
29.11.18,355.48,,,,,,,,
30.11.18,358.34,,,,,,,,
03.12.18,362.24,,,,,,,,
04.12.18,350.5,,,,,,,,
06.12.18,349.91,,,,,,,,
07.12.18,341.84,,,,,,,,
10.12.18,342.36,,,,,,,,
11.12.18,342.07,,,,,,,,
12.12.18,343.93,,,,,,,,
13.12.18,343.82,,,,,,,,
14.12.18,337.18,,,,,,,,
17.12.18,330.21,,,,,,,,
18.12.18,330.16,,,,,,,,
19.12.18,325,,,,,,,,
20.12.18,319.79,,,,,,,,
21.12.18,312.95,,,,,,,,
24.12.18,304.58,,,,,,,,
26.12.18,319.57,,,,,,,,
27.12.18,322.19,,,,,,,,
28.12.18,321.77,,,,,,,,
31.12.18,324.53,,,,,,,,
02.01.19,325.06,,,,,,,,
03.01.19,317.28,,,,,,,,
04.01.19,328.3,,,,,,,,
07.01.19,330.49,,,,,,,,
08.01.19,333.72,,,,,,,,
09.01.19,334.97,,,,,,,,
10.01.19,336.54,,,,,,,,
11.01.19,336.62,,,,,,,,
14.01.19,334.99,,,,,,,,
15.01.19,338.42,,,,,,,,
16.01.19,339.34,,,,,,,,
17.01.19,341.89,,,,,,,,
18.01.19,346.47,,,,,,,,
22.01.19,341.75,,,,,,,,
23.01.19,342.56,,,,,,,,
24.01.19,342.82,,,,,,,,
25.01.19,345.71,,,,,,,,
28.01.19,343.02,,,,,,,,
29.01.19,342.44,,,,,,,,
30.01.19,347.72,,,,,,,,
31.01.19,350.65,,,,,,,,
01.02.19,350.85,,,,,,,,
04.02.19,353.42,,,,,,,,
05.02.19,355.2,,,,,,,,
06.02.19,354.5,,,,,,,,
07.02.19,351.4,,,,,,,,
08.02.19,351.6,,,,,,,,
11.02.19,351.78,,,,,,,,
12.02.19,356.26,,,,,,,,
13.02.19,357.41,,,,,,,,
14.02.19,356.47,,,,,,,,
15.02.19,360.49,,,,,,,,
19.02.19,361,,,,,,,,
20.02.19,361.68,,,,,,,,
21.02.19,360.29,,,,,,,,
22.02.19,362.78,,,,,,,,
25.02.19,363.16,,,,,,,,
26.02.19,362.87,,,,,,,,
27.02.19,362.8,,,,,,,,
28.02.19,361.74,,,,,,,,
01.03.19,364.29,,,,,,,,
04.03.19,362.69,,,,,,,,
05.03.19,362.3,,,,,,,,
06.03.19,359.87,,,,,,,,
07.03.19,356.9,,,,,,,,
08.03.19,356.17,,,,,,,,
11.03.19,361.25,,,,,,,,
12.03.19,362.23,,,,,,,,
13.03.19,364.83,,,,,,,,
14.03.19,364.74,,,,,,,,
15.03.19,366.47,,,,,,,,
18.03.19,367.85,,,,,,,,
19.03.19,367.84,,,,,,,,
20.03.19,366.48,,,,,,,,
21.03.19,370.31,,,,,,,,
22.03.19,363.1,,,,,,,,
25.03.19,362.78,,,,,,,,
26.03.19,365.38,,,,,,,,
27.03.19,363.73,,,,,,,,
28.03.19,365.07,,,,,,,,
29.03.19,367.58,,,,,,,,
01.04.19,371.93,,,,,,,,
02.04.19,371.82,,,,,,,,
03.04.19,372.58,,,,,,,,
04.04.19,373.46,,,,,,,,
05.04.19,375.19,,,,,,,,
08.04.19,375.59,,,,,,,,
09.04.19,373.28,,,,,,,,
10.04.19,374.56,,,,,,,,
11.04.19,374.44,,,,,,,,
12.04.19,376.6,,,,,,,,
15.04.19,376.42,,,,,,,,
16.04.19,376.71,,,,,,,,
17.04.19,375.95,,,,,,,,
18.04.19,376.52,,,,,,,,
22.04.19,376.84,,,,,,,,
23.04.19,380.2,,,,,,,,
24.04.19,379.25,,,,,,,,
25.04.19,379.13,,,,,,,,
26.04.19,380.99,,,,,,,,
29.04.19,381.44,,,,,,,,
30.04.19,381.86,,,,,,,,
01.05.19,378.93,,,,,,,,
02.05.19,378.31,,,,,,,,
03.05.19,381.93,,,,,,,,
06.05.19,380.49,,,,,,,,
07.05.19,374.24,,,,,,,,
08.05.19,373.62,,,,,,,,
09.05.19,372.68,,,,,,,,
10.05.19,374.02,,,,,,,,
13.05.19,364.89,,,,,,,,
14.05.19,367.98,,,,,,,,
15.05.19,370.07,,,,,,,,
16.05.19,373.31,,,,,,,,
17.05.19,371.25,,,,,,,,
20.05.19,368.87,,,,,,,,
21.05.19,372.08,,,,,,,,
22.05.19,370.81,,,,,,,,
23.05.19,366.38,,,,,,,,
24.05.19,366.83,,,,,,,,
28.05.19,363.83,,,,,,,,
29.05.19,361.39,,,,,,,,
30.05.19,361.93,,,,,,,,
31.05.19,357.15,,,,,,,,
03.06.19,356.22,,,,,,,,
04.06.19,363.95,,,,,,,,
05.06.19,366.9,,,,,,,,
06.06.19,369.14,,,,,,,,
07.06.19,373.05,,,,,,,,
10.06.19,374.83,,,,,,,,
11.06.19,374.66,,,,,,,,
12.06.19,373.8,,,,,,,,
13.06.19,375.36,,,,,,,,
14.06.19,374.72,,,,,,,,
17.06.19,375.09,,,,,,,,
18.06.19,378.69,,,,,,,,
19.06.19,379.85,,,,,,,,
20.06.19,383.49,,,,,,,,
21.06.19,383.02,,,,,,,,
24.06.19,382.25,,,,,,,,
25.06.19,378.58,,,,,,,,
26.06.19,378.12,,,,,,,,
27.06.19,379.6,,,,,,,,
28.06.19,381.86,,,,,,,,
01.07.19,384.68,,,,,,,,
02.07.19,385.8,,,,,,,,
03.07.19,388.78,,,,,,,,
05.07.19,388.17,,,,,,,,
08.07.19,386.23,,,,,,,,
09.07.19,386.78,,,,,,,,
10.07.19,388.44,,,,,,,,
11.07.19,389.74,,,,,,,,
12.07.19,391.55,,,,,,,,
15.07.19,391.58,,,,,,,,
16.07.19,390.3,,,,,,,,
17.07.19,387.74,,,,,,,,
18.07.19,389.22,,,,,,,,
19.07.19,386.9,,,,,,,,
22.07.19,388.04,,,,,,,,
23.07.19,390.79,,,,,,,,
24.07.19,392.64,,,,,,,,
25.07.19,390.65,,,,,,,,
26.07.19,393.55,,,,,,,,
29.07.19,392.82,,,,,,,,
30.07.19,391.75,,,,,,,,
31.07.19,387.63,,,,,,,,
01.08.19,383.89,,,,,,,,
02.08.19,381.1,,,,,,,,
05.08.19,369.67,,,,,,,,
06.08.19,374.46,,,,,,,,
07.08.19,374.8,,,,,,,,
08.08.19,381.85,,,,,,,,
09.08.19,379.43,,,,,,,,
12.08.19,374.8,,,,,,,,
13.08.19,380.31,,,,,,,,
14.08.19,369.09,,,,,,,,
15.08.19,369.84,,,,,,,,
16.08.19,375.18,,,,,,,,
19.08.19,379.8,,,,,,,,
20.08.19,376.85,,,,,,,,
21.08.19,380.01,,,,,,,,
22.08.19,379.76,,,,,,,,
23.08.19,369.91,,,,,,,,
26.08.19,373.97,,,,,,,,
27.08.19,372.66,,,,,,,,
28.08.19,375.17,,,,,,,,
29.08.19,379.94,,,,,,,,
30.08.19,380.24,,,,,,,,
03.09.19,377.59,,,,,,,,
04.09.19,381.77,,,,,,,,
05.09.19,386.71,,,,,,,,
06.09.19,387.08,,,,,,,,
09.09.19,387.32,,,,,,,,
10.09.19,387.47,,,,,,,,
11.09.19,390.14,,,,,,,,
12.09.19,391.13,,,,,,,,
13.09.19,390.84,,,,,,,,
16.09.19,389.85,,,,,,,,
17.09.19,390.78,,,,,,,,
18.09.19,390.96,,,,,,,,
19.09.19,390.92,,,,,,,,
20.09.19,388.95,,,,,,,,
23.09.19,388.95,,,,,,,,
24.09.19,385.67,,,,,,,,
25.09.19,388.05,,,,,,,,
26.09.19,387.02,,,,,,,,
27.09.19,384.92,,,,,,,,
30.09.19,386.85,,,,,,,,
01.10.19,382.02,,,,,,,,
02.10.19,375.18,,,,,,,,
03.10.19,378.06,,,,,,,,
04.10.19,383.46,,,,,,,,
07.10.19,381.85,,,,,,,,
08.10.19,375.91,,,,,,,,
09.10.19,379.33,,,,,,,,
10.10.19,381.85,,,,,,,,
11.10.19,386.08,,,,,,,,
14.10.19,385.56,,,,,,,,
15.10.19,389.51,,,,,,,,
16.10.19,388.86,,,,,,,,
17.10.19,390.01,,,,,,,,
18.10.19,388.47,,,,,,,,
21.10.19,391.14,,,,,,,,
22.10.19,390,,,,,,,,
23.10.19,391.08,,,,,,,,
24.10.19,391.86,,,,,,,,
25.10.19,393.47,,,,,,,,
28.10.19,395.67,,,,,,,,
29.10.19,395.31,,,,,,,,
30.10.19,396.63,,,,,,,,
31.10.19,395.37,,,,,,,,
01.11.19,399.12,,,,,,,,
04.11.19,400.63,,,,,,,,
05.11.19,400.15,,,,,,,,
06.11.19,400.47,,,,,,,,
07.11.19,401.67,,,,,,,,
08.11.19,402.93,,,,,,,,
11.11.19,402.24,,,,,,,,
12.11.19,402.88,,,,,,,,
13.11.19,403.18,,,,,,,,
14.11.19,403.59,,,,,,,,
15.11.19,406.78,,,,,,,,
18.11.19,406.96,,,,,,,,
19.11.19,406.68,,,,,,,,
20.11.19,405.34,,,,,,,,
21.11.19,404.68,,,,,,,,
22.11.19,405.5,,,,,,,,
25.11.19,408.67,,,,,,,,
26.11.19,409.48,,,,,,,,
27.11.19,411.16,,,,,,,,
29.11.19,409.5,,,,,,,,
02.12.19,405.9,,,,,,,,
03.12.19,403.08,,,,,,,,
04.12.19,405.67,,,,,,,,
05.12.19,406.33,,,,,,,,
06.12.19,410.01,,,,,,,,
09.12.19,408.79,,,,,,,,
10.12.19,408.43,,,,,,,,
11.12.19,409.52,,,,,,,,
12.12.19,413.12,,,,,,,,
13.12.19,413.18,,,,,,,,
16.12.19,416.07,,,,,,,,
17.12.19,416.25,,,,,,,,
18.12.19,416.02,,,,,,,,
19.12.19,417.89,,,,,,,,
20.12.19,419.81,,,,,,,,
23.12.19,420.29,,,,,,,,
24.12.19,420.24,,,,,,,,
26.12.19,422.38,,,,,,,,
27.12.19,422.37,,,,,,,,
30.12.19,419.94,,,,,,,,
31.12.19,421.16,,,,,,,,
02.01.20,424.65,,,,,,,,
03.01.20,421.75,,,,,,,,
06.01.20,423.18,,,,,,,,
07.01.20,421.93,,,,,,,,
08.01.20,424,,,,,,,,
09.01.20,426.8,,,,,,,,
10.01.20,425.6,,,,,,,,
13.01.20,428.39,,,,,,,,
14.01.20,427.82,,,,,,,,
15.01.20,428.63,,,,,,,,
16.01.20,432.25,,,,,,,,
17.01.20,433.92,,,,,,,,
21.01.20,432.65,,,,,,,,
22.01.20,432.8,,,,,,,,
23.01.20,433.3,,,,,,,,
24.01.20,429.31,,,,,,,,
27.01.20,422.47,,,,,,,,
28.01.20,426.83,,,,,,,,
29.01.20,426.48,,,,,,,,
30.01.20,427.51,,,,,,,,
31.01.20,419.74,,,,,,,,
03.02.20,422.79,,,,,,,,
04.02.20,429.26,,,,,,,,
05.02.20,434.33,,,,,,,,
06.02.20,435.79,,,,,,,,
07.02.20,433.48,,,,,,,,
10.02.20,436.69,,,,,,,,
11.02.20,437.55,,,,,,,,
12.02.20,440.6,,,,,,,,
13.02.20,439.83,,,,,,,,
14.02.20,440.61,,,,,,,,
18.02.20,439.12,,,,,,,,
19.02.20,441.35,,,,,,,,
20.02.20,439.64,,,,,,,,
21.02.20,434.96,,,,,,,,
24.02.20,420.2,,,,,,,,
25.02.20,407.16,,,,,,,,
26.02.20,405.7,,,,,,,,
27.02.20,387.69,,,,,,,,
28.02.20,384.29,,,,,,,,
02.03.20,401.99,,,,,,,,
03.03.20,390.92,,,,,,,,
04.03.20,407.56,,,,,,,,
05.03.20,393.75,,,,,,,,
06.03.20,386.95,,,,,,,,
09.03.20,357.14,,,,,,,,
10.03.20,374.74,,,,,,,,
11.03.20,356.36,,,,,,,,
12.03.20,322.26,,,,,,,,
13.03.20,352.43,,,,,,,,
16.03.20,309.26,,,,,,,,
17.03.20,327.57,,,,,,,,
18.03.20,309.98,,,,,,,,
19.03.20,311.78,,,,,,,,
20.03.20,298.35,,,,,,,,
23.03.20,289.14,,,,,,,,
24.03.20,316.93,,,,,,,,
25.03.20,321.17,,,,,,,,
26.03.20,341.72,,,,,,,,
27.03.20,329.92,,,,,,,,
30.03.20,340.89,,,,,,,,
31.03.20,335.21,,,,,,,,
01.04.20,320.09,,,,,,,,
02.04.20,327.46,,,,,,,,
03.04.20,322.46,,,,,,,,
06.04.20,345.57,,,,,,,,
07.04.20,344.99,,,,,,,,
08.04.20,356.93,,,,,,,,
09.04.20,362.19,,,,,,,,
13.04.20,358.44,,,,,,,,
14.04.20,369.18,,,,,,,,
15.04.20,361.03,,,,,,,,
16.04.20,363.12,,,,,,,,
17.04.20,373.08,,,,,,,,
20.04.20,366.18,,,,,,,,
21.04.20,354.91,,,,,,,,
22.04.20,363.04,,,,,,,,
23.04.20,362.8,,,,,,,,
24.04.20,367.96,,,,,,,,
27.04.20,373.69,,,,,,,,
28.04.20,371.78,,,,,,,,
29.04.20,381.64,,,,,,,,
30.04.20,377.94,,,,,,,,
01.05.20,367.42,,,,,,,,
04.05.20,368.96,,,,,,,,
05.05.20,372.37,,,,,,,,
06.05.20,369.84,,,,,,,,
07.05.20,374.27,,,,,,,,
08.05.20,380.62,,,,,,,,
11.05.20,380.66,,,,,,,,
12.05.20,372.87,,,,,,,,
13.05.20,366.34,,,,,,,,
14.05.20,370.92,,,,,,,,
15.05.20,372.34,,,,,,,,
18.05.20,384.14,,,,,,,,
19.05.20,380.02,,,,,,,,
20.05.20,386.37,,,,,,,,
21.05.20,383.51,,,,,,,,
22.05.20,384.34,,,,,,,,
26.05.20,389.48,,,,,,,,
27.05.20,395.52,,,,,,,,
28.05.20,394.45,,,,,,,,
29.05.20,396.11,,,,,,,,
01.06.20,397.59,,,,,,,,
02.06.20,400.95,,,,,,,,
03.06.20,406.58,,,,,,,,
04.06.20,405.48,,,,,,,,
05.06.20,416,,,,,,,,
08.06.20,421.14,,,,,,,,
09.06.20,417.94,,,,,,,,
10.06.20,415.48,,,,,,,,
11.06.20,390.68,,,,,,,,
12.06.20,395.86,,,,,,,,
15.06.20,399.12,,,,,,,,
16.06.20,406.66,,,,,,,,
17.06.20,405.19,,,,,,,,
18.06.20,405.32,,,,,,,,
19.06.20,402.98,,,,,,,,
22.06.20,405.56,,,,,,,,
23.06.20,407.26,,,,,,,,
24.06.20,396.95,,,,,,,,
25.06.20,401.24,,,,,,,,
26.06.20,391.49,,,,,,,,
29.06.20,397.02,,,,,,,,
30.06.20,403.31,,,,,,,,
01.07.20,405.76,,,,,,,,
02.07.20,407.49,,,,,,,,
06.07.20,413.93,,,,,,,,
07.07.20,409.58,,,,,,,,
08.07.20,412.82,,,,,,,,
09.07.20,410.66,,,,,,,,
10.07.20,414.75,,,,,,,,
13.07.20,410.86,,,,,,,,
14.07.20,416.27,,,,,,,,
15.07.20,419.74,,,,,,,,
16.07.20,418.33,,,,,,,,
17.07.20,419.62,,,,,,,,
20.07.20,423.34,,,,,,,,
21.07.20,423.88,,,,,,,,
22.07.20,426.35,,,,,,,,
23.07.20,420.94,,,,,,,,
24.07.20,418.46,,,,,,,,
27.07.20,421.62,,,,,,,,
28.07.20,418.84,,,,,,,,
29.07.20,423.94,,,,,,,,
30.07.20,422.7,,,,,,,,
31.07.20,426.08,,,,,,,,
03.08.20,428.99,,,,,,,,
04.08.20,430.6,,,,,,,,
05.08.20,433.27,,,,,,,,
06.08.20,436,,,,,,,,
07.08.20,436.09,,,,,,,,
10.08.20,436.9,,,,,,,,
11.08.20,433.3,,,,,,,,
12.08.20,439.64,,,,,,,,
13.08.20,438.89,,,,,,,,
14.08.20,438.82,,,,,,,,
17.08.20,440.33,,,,,,,,
18.08.20,441.44,,,,,,,,
19.08.20,439.55,,,,,,,,
20.08.20,441.03,,,,,,,,
21.08.20,442.63,,,,,,,,
24.08.20,446.7,,,,,,,,
25.08.20,448.3,,,,,,,,
26.08.20,452.97,,,,,,,,
27.08.20,453.53,,,,,,,,
28.08.20,456.57,,,,,,,,
31.08.20,455.78,,,,,,,,
01.09.20,459.11,,,,,,,,
02.09.20,466.05,,,,,,,,
03.09.20,449.51,,,,,,,,
04.09.20,445.57,,,,,,,,
08.09.20,432.99,,,,,,,,
09.09.20,441.91,,,,,,,,
10.09.20,434.03,,,,,,,,
11.09.20,434.17,,,,,,,,
14.09.20,439.75,,,,,,,,
15.09.20,442.19,,,,,,,,
16.09.20,439.87,,,,,,,,
17.09.20,436.07,,,,,,,,
18.09.20,431.35,,,,,,,,
21.09.20,426.76,,,,,,,,
22.09.20,431.31,,,,,,,,
23.09.20,421.18,,,,,,,,
24.09.20,422.51,,,,,,,,
25.09.20,429.35,,,,,,,,
28.09.20,436.18,,,,,,,,
29.09.20,434.28,,,,,,,,
30.09.20,437.84,,,,,,,,
01.10.20,440.3,,,,,,,,
02.10.20,435.76,,,,,,,,
05.10.20,443.69,,,,,,,,
06.10.20,437.44,,,,,,,,
07.10.20,445.06,,,,,,,,
08.10.20,448.34,,,,,,,,
09.10.20,452.34,,,,,,,,
12.10.20,459.95,,,,,,,,
13.10.20,457.35,,,,,,,,
14.10.20,454.27,,,,,,,,
15.10.20,453.61,,,,,,,,
16.10.20,453.66,,,,,,,,
19.10.20,446.14,,,,,,,,
20.10.20,448.07,,,,,,,,
21.10.20,447.1,,,,,,,,
22.10.20,449.05,,,,,,,,
23.10.20,450.57,,,,,,,,
26.10.20,442.4,,,,,,,,
27.10.20,441.37,,,,,,,,
28.10.20,425.62,,,,,,,,
29.10.20,430.49,,,,,,,,
30.10.20,425.08,,,,,,,,
02.11.20,430.2,,,,,,,,
03.11.20,437.87,,,,,,,,
04.11.20,448.37,,,,,,,,
05.11.20,456.8,,,,,,,,
06.11.20,456.67,,,,,,,,
09.11.20,460.88,,,,,,,,
10.11.20,460.1,,,,,,,,
11.11.20,463.91,,,,,,,,
12.11.20,459.51,,,,,,,,
13.11.20,465.6,,,,,,,,
16.11.20,470.62,,,,,,,,
17.11.20,468.41,,,,,,,,
18.11.20,463,,,,,,,,
19.11.20,464.69,,,,,,,,
20.11.20,461.54,,,,,,,,
23.11.20,463.86,,,,,,,,
24.11.20,470.94,,,,,,,,
25.11.20,470.47,,,,,,,,
27.11.20,471.66,,,,,,,,
,,,,,,,,,
,,,,,,,,,
,,,,,,,,,
"Source: S&P Dow Jones Indices LLC.

The launch date of the S&P 500 Carbon Efficient Index (USD) was October 22, 2018.

All information presented prior to the index launch date is back-tested. Back-tested performance is not actual performance, but is hypothetical. The back-test calculations are based on the same methodology that was in effect when the index was officially launched. Past performance is not an indication or guarantee of future results.  Please see the Performance Disclosure at http://www.spindices.com/regulatory-affairs-disclaimers/ for more information regarding the inherent limitations associated with back-tested performance.

Copyright © 2020 S&P Dow Jones Indices LLC. All rights reserved. Redistribution or reproduction in whole or in part are prohibited without written permission. STANDARD & POOR’S and S&P are registered trademarks of Standard & Poor’s Financial Services LLC (“S&P”); DOW JONES is a registered trademark of Dow Jones Trademark Holdings LLC (“Dow Jones”); and these trademarks have been licensed for use by S&P Dow Jones Indices LLC. S&P Dow Jones Indices LLC, Dow Jones, S&P and their respective affiliates (“S&P Dow Jones Indices”) and third party licensors makes no representation or warranty, express or implied, as to the ability of any index to accurately represent the asset class or market sector that it purports to represent and S&P Dow Jones Indices and its third party licensors shall have no liability for any errors, omissions, or interruptions of any index or the data included therein. Past performance of an index is not an indication or guarantee of future results. This document does not constitute an offer of any services. Except for certain custom index calculation services, all information provided by S&P Dow Jones Indices is general in nature and not tailored to the needs of any person, entity or group of persons. S&P Dow Jones Indices receives compensation in connection with licensing its indices to third parties and providing custom calculation services. It is not possible to invest directly in an index. Exposure to an asset class represented by an index may be available through investable instruments offered by third parties that are based on that index. S&P Dow Jones Indices does not sponsor, endorse, sell, promote or manage any investment fund or other investment product or vehicle that seeks to provide an investment return based on the performance of any Index. S&P Dow Jones Indices LLC is not an investment or tax advisor. S&P Dow Jones Indices makes no representation regarding the advisability of investing in any such investment fund or other investment product or vehicle. A tax advisor should be consulted to evaluate the impact of any tax-exempt securities on portfolios and the tax consequences of making any particular investment decision. Credit-related information and other analyses, including ratings, are generally provided by licensors and/or affiliates of S&P Dow Jones Indices. Any credit-related information and other related analyses and statements are opinions as of the date they are expressed and are not statements of fact. S&P Dow Jones Indices LLC is analytically separate and independent from any other analytical department. For more information on any of our indices please visit www.spdji.com.",,,,,,,,,
,,,,,,,,,
,,,,,,,,,
,,,,,,,,,
,,,,,,,,,
,,,,,,,,,
,,,,,,,,,
,,,,,,,,,
,,,,,,,,,
,,,,,,,,,
,,,,,,,,,
,,,,,,,,,
,,,,,,,,,
,,,,,,,,,
,,,,,,,,,
,,,,,,,,,
,,,,,,,,,
,,,,,,,,,
,,,,,,,,,
,,,,,,,,,
,,,,,,,,,
,,,,,,,,,
,,,,,,,,,
,,,,,,,,,
,,,,,,,,,
,,,,,,,,,
,,,,,,,,,
,,,,,,,,,
,,,,,,,,,
,,,,,,,,,
,,,,,,,,,
,,,,,,,,,
,,,,,,,,,
,,,,,,,,,
,,,,,,,,,
,,,,,,,,,
,,,,,,,,,
,,,,,,,,,
,,,,,,,,,
,,,,,,,,,
,,,,,,,,,
,,,,,,,,,
,,,,,,,,,
,,,,,,,,,
,,,,,,,,,
,,,,,,,,,
,,,,,,,,,
,,,,,,,,,
,,,,,,,,,
,,,,,,,,,